anio_mundial,fase,grupo,fecha,pais_local,pais_visita,nom_jugador,pais_jugador,minuto,tipo_gol
1930,Primera Ronda,Grupo 1,1930-07-13,Francia,México,Lucien Laurent,Francia,19,
1930,Primera Ronda,Grupo 1,1930-07-13,Francia,México,Marcel Langiller,Francia,40,
1930,Primera Ronda,Grupo 1,1930-07-13,Francia,México,Andre Maschinot,Francia,43,
1930,Primera Ronda,Grupo 1,1930-07-13,Francia,México,Juan Carreno,México,70,
1930,Primera Ronda,Grupo 1,1930-07-13,Francia,México,Andre Maschinot,Francia,87,
1930,Primera Ronda,Grupo 1,1930-07-15,Argentina,Francia,Luis Monti,Argentina,81,
1930,Primera Ronda,Grupo 1,1930-07-16,Chile,México,Carlos Vidal,Chile,3,
1930,Primera Ronda,Grupo 1,1930-07-16,Chile,México,Manuel Rosas,México,51,penal
1930,Primera Ronda,Grupo 1,1930-07-16,Chile,México,Carlos Vidal,Chile,65,
1930,Primera Ronda,Grupo 1,1930-07-19,Argentina,México,Guillermo Stabile,Argentina,8,
1930,Primera Ronda,Grupo 1,1930-07-19,Argentina,México,Adolfo Zumelzu,Argentina,12,
1930,Primera Ronda,Grupo 1,1930-07-19,Argentina,México,Guillermo Stabile,Argentina,17,
1930,Primera Ronda,Grupo 1,1930-07-19,Argentina,México,Manuel Rosas,México,42,penal
1930,Primera Ronda,Grupo 1,1930-07-19,Argentina,México,Francisco Varallo,Argentina,53,
1930,Primera Ronda,Grupo 1,1930-07-19,Argentina,México,Adolfo Zumelzu,Argentina,55,
1930,Primera Ronda,Grupo 1,1930-07-19,Argentina,México,Manuel Rosas,México,65,penal
1930,Primera Ronda,Grupo 1,1930-07-19,Argentina,México,Roberto Gayon,México,75,
1930,Primera Ronda,Grupo 1,1930-07-19,Argentina,México,Guillermo Stabile,Argentina,80,
1930,Primera Ronda,Grupo 1,1930-07-19,Chile,Francia,Guillermo Subiabre,Chile,65,
1930,Primera Ronda,Grupo 1,1930-07-22,Argentina,Chile,Guillermo Stabile,Argentina,12,
1930,Primera Ronda,Grupo 1,1930-07-22,Argentina,Chile,Guillermo Stabile,Argentina,13,
1930,Primera Ronda,Grupo 1,1930-07-22,Argentina,Chile,Guillermo Subiabre,Chile,15,
1930,Primera Ronda,Grupo 1,1930-07-22,Argentina,Chile,Mario Evaristo,Argentina,51,
1930,Primera Ronda,Grupo 2,1930-07-13,Yugoslavia,Brasil,Aleksandar Tirnanic,Yugoslavia,21,
1930,Primera Ronda,Grupo 2,1930-07-13,Yugoslavia,Brasil,Ivan Bek,Yugoslavia,30,
1930,Primera Ronda,Grupo 2,1930-07-13,Yugoslavia,Brasil,Predrag Rajkovic,Yugoslavia,62,
1930,Primera Ronda,Grupo 2,1930-07-13,Yugoslavia,Brasil,Reinaldo,Brasil,67,
1930,Primera Ronda,Grupo 2,1930-07-14,Brasil,Bolivia,Moderato,Brasil,4,
1930,Primera Ronda,Grupo 2,1930-07-14,Brasil,Bolivia,Moderato,Brasil,31,
1930,Primera Ronda,Grupo 2,1930-07-14,Brasil,Bolivia,Moderato,Brasil,73,
1930,Primera Ronda,Grupo 2,1930-07-14,Brasil,Bolivia,Moderato,Brasil,85,
1930,Primera Ronda,Grupo 2,1930-07-20,Yugoslavia,Bolivia,Aleksandar Tirnanic,Yugoslavia,60,
1930,Primera Ronda,Grupo 2,1930-07-20,Yugoslavia,Bolivia,Ivan Bek,Yugoslavia,67,
1930,Primera Ronda,Grupo 2,1930-07-20,Yugoslavia,Bolivia,Ivan Bek,Yugoslavia,70,
1930,Primera Ronda,Grupo 2,1930-07-20,Yugoslavia,Bolivia,Branislav Sekulic,Yugoslavia,84,
1930,Primera Ronda,Grupo 3,1930-07-14,Uruguay,Perú,Hector Castro,Uruguay,60,
1930,Primera Ronda,Grupo 3,1930-07-18,Rumania,Perú,Adalbert Deșu,Rumania,1,
1930,Primera Ronda,Grupo 3,1930-07-18,Rumania,Perú,Constantin Stanciu,Rumania,79,
1930,Primera Ronda,Grupo 3,1930-07-18,Rumania,Perú,Luis de Souza Ferreira,Perú,75,
1930,Primera Ronda,Grupo 3,1930-07-21,Uruguay,Rumania,Pablo Dorado,Uruguay,7,
1930,Primera Ronda,Grupo 3,1930-07-21,Uruguay,Rumania,Hector Scarone,Uruguay,18,
1930,Primera Ronda,Grupo 3,1930-07-21,Uruguay,Rumania,Santos Iriarte,Uruguay,30,
1930,Primera Ronda,Grupo 3,1930-07-21,Uruguay,Rumania,Constantin Stanciu,Rumania,35,
1930,Primera Ronda,Grupo 3,1930-07-21,Uruguay,Rumania,Jose Pedro Cea,Uruguay,50,
1930,Primera Ronda,Grupo 3,1930-07-21,Uruguay,Rumania,Hector Castro,Uruguay,58,
1930,Primera Ronda,Grupo 4,1930-07-13,Estados Unidos,Bélgica,Bart McGhee,Estados Unidos,41,
1930,Primera Ronda,Grupo 4,1930-07-13,Estados Unidos,Bélgica,Bertram Patenaude,Estados Unidos,69,
1930,Primera Ronda,Grupo 4,1930-07-13,Estados Unidos,Bélgica,Bertram Patenaude,Estados Unidos,75,
1930,Primera Ronda,Grupo 4,1930-07-14,Paraguay,Bélgica,Luis Vargas Peña,Paraguay,45,
1930,Primera Ronda,Grupo 4,1930-07-14,Paraguay,Bélgica,Aurelio González,Paraguay,62,
1930,Primera Ronda,Grupo 4,1930-07-14,Paraguay,Bélgica,Luis Vargas Peña,Paraguay,65,
1930,Primera Ronda,Grupo 4,1930-07-14,Paraguay,Bélgica,Luis Vargas Peña,Paraguay,70,
1930,Primera Ronda,Grupo 4,1930-07-17,Estados Unidos,Paraguay,Bertram Patenaude,Estados Unidos,10,
1930,Primera Ronda,Grupo 4,1930-07-17,Estados Unidos,Paraguay,Bertram Patenaude,Estados Unidos,15,
1930,Primera Ronda,Grupo 4,1930-07-17,Estados Unidos,Paraguay,Bertram Patenaude,Estados Unidos,50,
1930,Primera Ronda,Grupo 4,1930-07-17,Estados Unidos,Paraguay,Guillermo Subiabre,Paraguay,80,
1930,Semifinales,,1930-07-26,Argentina,Estados Unidos,Luis Monti,Argentina,20,
1930,Semifinales,,1930-07-26,Argentina,Estados Unidos,Alejandro Scopelli,Argentina,23,
1930,Semifinales,,1930-07-26,Argentina,Estados Unidos,Guillermo Stabile,Argentina,31,
1930,Semifinales,,1930-07-26,Argentina,Estados Unidos,Guillermo Stabile,Argentina,35,
1930,Semifinales,,1930-07-26,Argentina,Estados Unidos,Carlos Peucelle,Argentina,80,
1930,Semifinales,,1930-07-26,Argentina,Estados Unidos,Jim Brown,Estados Unidos,89,
1930,Semifinales,,1930-07-27,Uruguay,Yugoslavia,Luis Monti,Yugoslavia,4,
1930,Semifinales,,1930-07-27,Uruguay,Yugoslavia,Pablo Dorado,Uruguay,18,
1930,Semifinales,,1930-07-27,Uruguay,Yugoslavia,Jose Pedro Cea,Uruguay,23,
1930,Semifinales,,1930-07-27,Uruguay,Yugoslavia,Santos Iriarte,Uruguay,31,
1930,Semifinales,,1930-07-27,Uruguay,Yugoslavia,Santos Iriarte,Uruguay,35,
1930,Semifinales,,1930-07-27,Uruguay,Yugoslavia,Hector Castro,Uruguay,72,
1930,Final,,1930-07-30,Uruguay,Argentina,Pablo Dorado,Uruguay,12,
1930,Final,,1930-07-30,Uruguay,Argentina,Carlos Peucelle,Argentina,20,
1930,Final,,1930-07-30,Uruguay,Argentina,Guillermo Stabile,Argentina,37,
1930,Final,,1930-07-30,Uruguay,Argentina,Jose Pedro Cea,Uruguay,57,
1930,Final,,1930-07-30,Uruguay,Argentina,Santos Iriarte,Uruguay,68,
1930,Final,,1930-07-30,Uruguay,Argentina,Hector Castro,Uruguay,89,
1934,Octavos de final,,1934-05-27,Italia,Estados Unidos,Angelo Schiavio,Italia,18,
1934,Octavos de final,,1934-05-27,Italia,Estados Unidos,Giuseppe Meazza,Italia,25,
1934,Octavos de final,,1934-05-27,Italia,Estados Unidos,Raimundo Orsi,Italia,32,
1934,Octavos de final,,1934-05-27,Italia,Estados Unidos,Attilio Demaria,Italia,35,
1934,Octavos de final,,1934-05-27,Italia,Estados Unidos,Giuseppe Meazza,Italia,50,
1934,Octavos de final,,1934-05-27,Italia,Estados Unidos,Angelo Schiavio,Italia,69,
1934,Octavos de final,,1934-05-27,Italia,Estados Unidos,Aldo Donelli,Estados Unidos,57,
1934,Octavos de final,,1934-05-27,Italia,Estados Unidos,Enrique Guaita,Italia,80,
1934,Octavos de final,,1934-05-27,Checoslovaquia,Rumania,Oldrich Nejedly,Checoslovaquia,50,
1934,Octavos de final,,1934-05-27,Checoslovaquia,Rumania,Antonin Puc,Checoslovaquia,67,
1934,Octavos de final,,1934-05-27,Checoslovaquia,Rumania,Stefan Dobay,Rumania,11,
1934,Octavos de final,,1934-05-27,España,Brasil,Leandro Cid,España,18,
1934,Octavos de final,,1934-05-27,España,Brasil,Isidro Langara,España,25,
1934,Octavos de final,,1934-05-27,España,Brasil,Leandro Cid,España,60,
1934,Octavos de final,,1934-05-27,España,Brasil,Leônidas,Brasil,55,
1934,Octavos de final,,1934-05-27,Suiza,Países Bajos,Leopold Kielholz,Suiza,7,
1934,Octavos de final,,1934-05-27,Suiza,Países Bajos,Andre Abegglen,Suiza,25,
1934,Octavos de final,,1934-05-27,Suiza,Países Bajos,Leopold Kielholz,Suiza,50,
1934,Octavos de final,,1934-05-27,Suiza,Países Bajos,Kick Smit,Países Bajos,15,
1934,Octavos de final,,1934-05-27,Suiza,Países Bajos,Kick Smit,Países Bajos,70,
1934,Octavos de final,,1934-05-27,Suecia,Argentina,Sven Jonasson,Suecia,9,
1934,Octavos de final,,1934-05-27,Suecia,Argentina,Knut Kroon,Suecia,20,
1934,Octavos de final,,1934-05-27,Suecia,Argentina,Sven Jonasson,Suecia,55,
1934,Octavos de final,,1934-05-27,Suecia,Argentina,Ernesto Belis,Argentina,30,
1934,Octavos de final,,1934-05-27,Suecia,Argentina,Alberto Galateo,Argentina,75,
1934,Octavos de final,,1934-05-27,Alemania,Bélgica,Edmund Conen,Alemania,25,
1934,Octavos de final,,1934-05-27,Alemania,Bélgica,Ernst Lehner,Alemania,30,
1934,Octavos de final,,1934-05-27,Alemania,Bélgica,Edmund Conen,Alemania,40,
1934,Octavos de final,,1934-05-27,Alemania,Bélgica,Edmund Conen,Alemania,70,
1934,Octavos de final,,1934-05-27,Alemania,Bélgica,Ernst Lehner,Alemania,85,
1934,Octavos de final,,1934-05-27,Alemania,Bélgica,Bernard Voorhoof,Bélgica,10,
1934,Octavos de final,,1934-05-27,Alemania,Bélgica,Bernard Voorhoof,Bélgica,60,
1934,Octavos de final,,1934-05-27,Austria,Francia,Johann Horvath,Austria,20,
1934,Octavos de final,,1934-05-27,Austria,Francia,Josef Bican,Austria,65,
1934,Octavos de final,,1934-05-27,Austria,Francia,Jean Nicolas,Francia,10,
1934,Octavos de final,,1934-05-27,Austria,Francia,Georges Verriest,Francia,75,
1934,Octavos de final,,1934-05-27,Hungria,Egipto,Geza Toldi,Hungria,11,
1934,Octavos de final,,1934-05-27,Hungria,Egipto,Geza Toldi,Hungria,60,
1934,Octavos de final,,1934-05-27,Hungria,Egipto,Jeno Vincze,Hungria,75,
1934,Octavos de final,,1934-05-27,Hungria,Egipto,Abdelrahman Fawzi,Egipto,35,
1934,Octavos de final,,1934-05-27,Hungria,Egipto,Abdelrahman Fawzi,Egipto,39,
1934,Cuartos de final,,1934-05-31,Alemania,Suecia,Karl Hohmann,Alemania,11,
1934,Cuartos de final,,1934-05-31,Alemania,Suecia,Rudolf Noack,Alemania,32,
1934,Cuartos de final,,1934-05-31,Alemania,Suecia,Gustav Wetterstrom,Suecia,50,
1934,Cuartos de final,,1934-05-31,Checoslovaquia,Suiza,Oldrich Nejedly,Checoslovaquia,49,
1934,Cuartos de final,,1934-05-31,Checoslovaquia,Suiza,Oldrich Nejedly,Checoslovaquia,70,
1934,Cuartos de final,,1934-05-31,Checoslovaquia,Suiza,Antonin Puc,Checoslovaquia,75,
1934,Cuartos de final,,1934-05-31,Checoslovaquia,Suiza,Leopold Kielholz,Suiza,18,
1934,Cuartos de final,,1934-05-31,Checoslovaquia,Suiza,Andre Abegglen,Suiza,65,
1934,Cuartos de final,,1934-05-31,Austria,Hungria,Johann Horvath,Austria,19,
1934,Cuartos de final,,1934-05-31,Austria,Hungria,Karl Zischek,Austria,65,
1934,Cuartos de final,,1934-05-31,Austria,Hungria,Pal Titkos,Hungria,30,
1934,Cuartos de final,,1934-06-01,Italia,España,Giovanni Ferrari,Italia,44,
1934,Cuartos de final,,1934-06-01,Italia,España,Luis Regueiro,España,31,
1934,Cuartos de final,,1934-06-02,Italia,España,Giuseppe Meazza,Italia,11,
1934,Semifinales,,1934-06-03,Checoslovaquia,Alemania,Oldrich Nejedly,Checoslovaquia,20,
1934,Semifinales,,1934-06-03,Checoslovaquia,Alemania,Oldrich Nejedly,Checoslovaquia,30,
1934,Semifinales,,1934-06-03,Checoslovaquia,Alemania,Oldrich Nejedly,Checoslovaquia,60,
1934,Semifinales,,1934-06-03,Checoslovaquia,Alemania,Rudolf Noack,Alemania,70,
1934,Semifinales,,1934-06-03,Italia,Austria,Enrique Guaita,Italia,19,
1934,Tercer puesto,,1934-06-07,Alemania,Austria,Ernst Lehner,Alemania,25,
1934,Tercer puesto,,1934-06-07,Alemania,Austria,Edmund Conen,Alemania,30,
1934,Tercer puesto,,1934-06-07,Alemania,Austria,Ernst Lehner,Alemania,70,
1934,Tercer puesto,,1934-06-07,Alemania,Austria,Karl Zischek,Austria,40,
1934,Tercer puesto,,1934-06-07,Alemania,Austria,Johann Horvath,Austria,50,
1934,Final,,1934-06-10,Italia,Checoslovaquia,Antonin Puc,Checoslovaquia,71,
1934,Final,,1934-06-10,Italia,Checoslovaquia,Raimundo Orsi,Italia,81,
1934,Final,,1934-06-10,Italia,Checoslovaquia,Angelo Schiavio,Italia,95,
1938,Octavos de final,,1938-06-04,Italia,Noruega,Gino Colaussi,Italia,2,
1938,Octavos de final,,1938-06-04,Italia,Noruega,Sergio Bertoni,Italia,94,
1938,Octavos de final,,1938-06-04,Italia,Noruega,Arne Brustad,Noruega,83,
1938,Octavos de final,,1938-06-05,Francia,Bélgica,Emile Veinante,Francia,27,
1938,Octavos de final,,1938-06-05,Francia,Bélgica,Jean Nicolas,Francia,33,
1938,Octavos de final,,1938-06-05,Francia,Bélgica,Jean Nicolas,Francia,69,
1938,Octavos de final,,1938-06-05,Francia,Bélgica,Bernard Voorhoof,Bélgica,70,
1938,Octavos de final,,1938-06-05,Brasil,Polonia,Leônidas,Brasil,18,
1938,Octavos de final,,1938-06-05,Brasil,Polonia,Leônidas,Brasil,93,
1938,Octavos de final,,1938-06-05,Brasil,Polonia,Leônidas,Brasil,104,
1938,Octavos de final,,1938-06-05,Brasil,Polonia,Romeu,Brasil,44,
1938,Octavos de final,,1938-06-05,Brasil,Polonia,Perácio,Brasil,71,
1938,Octavos de final,,1938-06-05,Brasil,Polonia,Ernest Wilimowski,Polonia,53,
1938,Octavos de final,,1938-06-05,Brasil,Polonia,Ernest Wilimowski,Polonia,59,
1938,Octavos de final,,1938-06-05,Brasil,Polonia,Ernest Wilimowski,Polonia,89,
1938,Octavos de final,,1938-06-05,Brasil,Polonia,Ernest Wilimowski,Polonia,118,
1938,Octavos de final,,1938-06-05,Brasil,Polonia,Friedrich Scherfke,Polonia,23,penal
1938,Octavos de final,,1938-06-05,Checoslovaquia,Países Bajos,Antonin Puc,Checoslovaquia,19,
1938,Octavos de final,,1938-06-05,Checoslovaquia,Países Bajos,Oldrich Nejedly,Checoslovaquia,49,
1938,Octavos de final,,1938-06-05,Checoslovaquia,Países Bajos,Oldrich Nejedly,Checoslovaquia,53,
1938,Octavos de final,,1938-06-05,Hungria,Indias Orientales Holand,Pal Titkos,Hungria,13,
1938,Octavos de final,,1938-06-05,Hungria,Indias Orientales Holand,Gyula Zsengeller,Hungria,15,
1938,Octavos de final,,1938-06-05,Hungria,Indias Orientales Holand,Gyorgy Sarosi,Hungria,30,
1938,Octavos de final,,1938-06-05,Hungria,Indias Orientales Holand,Gyorgy Sarosi,Hungria,60,
1938,Octavos de final,,1938-06-05,Hungria,Indias Orientales Holand,Gyula Zsengeller,Hungria,75,
1938,Octavos de final,,1938-06-05,Hungria,Indias Orientales Holand,Vilmos Kohut,Hungria,88,
1938,Octavos de final,,1938-06-05,Suiza,Alemania,Andre Abegglen,Suiza,42,
1938,Octavos de final,,1938-06-05,Suiza,Alemania,Andre Abegglen,Suiza,64,
1938,Octavos de final,,1938-06-05,Suiza,Alemania,Andre Abegglen,Suiza,75,
1938,Octavos de final,,1938-06-05,Suiza,Alemania,Georges Aeby,Suiza,90,
1938,Octavos de final,,1938-06-05,Suiza,Alemania,Ernst Lehner,Alemania,29,
1938,Octavos de final,,1938-06-05,Suiza,Alemania,Wilhelm Hahnemann,Alemania,43,
1938,Octavos de final,,1938-06-05,Suiza,Alemania,Wilhelm Hahnemann,Alemania,76,
1938,Octavos de final,,1938-06-05,Suiza,Alemania,Wilhelm Hahnemann,Alemania,80,
1938,Octavos de final,,1938-06-05,Cuba,Rumania,Tomas Fernandez,Cuba,51,
1938,Octavos de final,,1938-06-05,Cuba,Rumania,Hector Socorro,Cuba,57,
1938,Octavos de final,,1938-06-05,Cuba,Rumania,Silvio Baruffaldi,Cuba,63,
1938,Octavos de final,,1938-06-05,Cuba,Rumania,Stefan Dobay,Rumania,35,
1938,Octavos de final,,1938-06-05,Cuba,Rumania,Stefan Dobay,Rumania,44,
1938,Octavos de final,,1938-06-05,Cuba,Rumania,Iuliu Baratky,Rumania,48,
1938,Octavos de final,,1938-06-09,Cuba,Rumania,Hector Socorro,Cuba,51,
1938,Octavos de final,,1938-06-09,Cuba,Rumania,Tomas Fernandez,Cuba,57,
1938,Cuartos de final,,1938-06-12,Italia,Francia,Colaussi,Italia,9,
1938,Cuartos de final,,1938-06-12,Italia,Francia,Piola,Italia,51,
1938,Cuartos de final,,1938-06-12,Italia,Francia,Oscar Heisserer,Francia,10,
1938,Cuartos de final,,1938-06-12,Hungria,Suiza,Sarosi,Hungria,40,
1938,Cuartos de final,,1938-06-12,Hungria,Suiza,Zsengeller,Hungria,60,
1938,Cuartos de final,,1938-06-12,Suecia,Cuba,Harry Andersson,Suecia,32,
1938,Cuartos de final,,1938-06-12,Suecia,Cuba,Harry Andersson,Suecia,37,
1938,Cuartos de final,,1938-06-12,Suecia,Cuba,Harry Andersson,Suecia,44,
1938,Cuartos de final,,1938-06-12,Suecia,Cuba,Harry Andersson,Suecia,54,
1938,Cuartos de final,,1938-06-12,Suecia,Cuba,Gustav Wetterstrom,Suecia,10,
1938,Cuartos de final,,1938-06-12,Suecia,Cuba,Gustav Wetterstrom,Suecia,25,
1938,Cuartos de final,,1938-06-12,Suecia,Cuba,Gustav Wetterstrom,Suecia,80,
1938,Cuartos de final,,1938-06-12,Suecia,Cuba,Stig Jansson,Suecia,75,
1938,Cuartos de final,,1938-06-12,Brasil,Checoslovaquia,Leônidas,Brasil,30,
1938,Cuartos de final,,1938-06-12,Brasil,Checoslovaquia,Oldrich Nejedly,Checoslovaquia,65,penal
1938,Cuartos de final,,1938-06-14,Brasil,Checoslovaquia,Leônidas,Brasil,30,
1938,Cuartos de final,,1938-06-14,Brasil,Checoslovaquia,Roberto,Brasil,60,
1938,Semifinales,,1938-06-16,Italia,Brasil,Colaussi,Italia,70,
1938,Semifinales,,1938-06-16,Italia,Brasil,Meazza,Italia,60,penal
1938,Semifinales,,1938-06-16,Italia,Brasil,Romeu,Brasil,87,
1938,Semifinales,,1938-06-16,Hungria,Suecia,Sarosi,Hungria,19,
1938,Semifinales,,1938-06-16,Hungria,Suecia,Zsengeller,Hungria,35,
1938,Semifinales,,1938-06-16,Hungria,Suecia,Sas,Hungria,50,
1938,Semifinales,,1938-06-16,Hungria,Suecia,Zsengeller,Hungria,75,
1938,Semifinales,,1938-06-16,Hungria,Suecia,Sarosi,Hungria,80,
1938,Semifinales,,1938-06-16,Hungria,Suecia,Nyberg,Suecia,1,
1938,Tercer puesto,,1938-06-19,Brasil,Suecia,Leônidas,Brasil,17,
1938,Tercer puesto,,1938-06-19,Brasil,Suecia,Leônidas,Brasil,27,
1938,Tercer puesto,,1938-06-19,Brasil,Suecia,Perácio,Brasil,44,
1938,Tercer puesto,,1938-06-19,Brasil,Suecia,Romeu,Brasil,60,
1938,Tercer puesto,,1938-06-19,Brasil,Suecia,Andersson,Suecia,32,
1938,Tercer puesto,,1938-06-19,Brasil,Suecia,Nyberg,Suecia,38,
1938,Final,,1938-06-19,Italia,Hungria,Gino Colaussi,Italia,6,
1938,Final,,1938-06-19,Italia,Hungria,Silvio Piola,Italia,16,
1938,Final,,1938-06-19,Italia,Hungria,Gino Colaussi,Italia,35,
1938,Final,,1938-06-19,Italia,Hungria,Silvio Piola,Italia,82,
1938,Final,,1938-06-19,Italia,Hungria,Titkos,Hungria,8,
1938,Final,,1938-06-19,Italia,Hungria,Sarosi,Hungria,70,
1950,Primera Ronda,Grupo 1,1950-06-24,Brasil,México,Ademir,Brasil,30,
1950,Primera Ronda,Grupo 1,1950-06-24,Brasil,México,Jair,Brasil,65,
1950,Primera Ronda,Grupo 1,1950-06-24,Brasil,México,Baltazar,Brasil,71,
1950,Primera Ronda,Grupo 1,1950-06-24,Brasil,México,Ademir,Brasil,79,
1950,Primera Ronda,Grupo 1,1950-06-25,Yugoslavia,Suiza,Rajko Mitic,Yugoslavia,59,
1950,Primera Ronda,Grupo 1,1950-06-25,Yugoslavia,Suiza,Kosta Tomasevic,Yugoslavia,70,
1950,Primera Ronda,Grupo 1,1950-06-25,Yugoslavia,Suiza,Tihomir Ognjanov,Yugoslavia,84,
1950,Primera Ronda,Grupo 1,1950-06-28,Brasil,Suiza,Alfredo,Brasil,3,
1950,Primera Ronda,Grupo 1,1950-06-28,Brasil,Suiza,Jacky Fatton,Suiza,17,
1950,Primera Ronda,Grupo 1,1950-06-28,Brasil,Suiza,Baltazar,Brasil,32,
1950,Primera Ronda,Grupo 1,1950-06-28,Brasil,Suiza,Jacky Fatton,Suiza,88,
1950,Primera Ronda,Grupo 1,1950-06-28,Yugoslavia,México,Stjepan Bobek,Yugoslavia,20,
1950,Primera Ronda,Grupo 1,1950-06-28,Yugoslavia,México,Zeljko Cajkovski,Yugoslavia,23,
1950,Primera Ronda,Grupo 1,1950-06-28,Yugoslavia,México,Zeljko Cajkovski,Yugoslavia,51,
1950,Primera Ronda,Grupo 1,1950-06-28,Yugoslavia,México,Kosta Tomasevic,Yugoslavia,81,
1950,Primera Ronda,Grupo 1,1950-06-28,Yugoslavia,México,Hector Ortiz,México,89,penal
1950,Primera Ronda,Grupo 1,1950-07-01,Brasil,Yugoslavia,Ademir,Brasil,4,
1950,Primera Ronda,Grupo 1,1950-07-01,Brasil,Yugoslavia,Zizinho,Brasil,69,
1950,Primera Ronda,Grupo 1,1950-07-02,Suiza,México,Rene Bader,Suiza,10,
1950,Primera Ronda,Grupo 1,1950-07-02,Suiza,México,Kiki Antenen,Suiza,44,
1950,Primera Ronda,Grupo 1,1950-07-02,Suiza,México,Horacio Casarin,México,89,
1950,Primera Ronda,Grupo 2,1950-06-25,Inglaterra,Chile,Stan Mortensen,Inglaterra,41,
1950,Primera Ronda,Grupo 2,1950-06-25,Inglaterra,Chile,Wilf Mannion,Inglaterra,74,
1950,Primera Ronda,Grupo 2,1950-06-25,España,Estados Unidos,Igoa,España,9,
1950,Primera Ronda,Grupo 2,1950-06-25,España,Estados Unidos,Zarra,España,11,
1950,Primera Ronda,Grupo 2,1950-06-25,España,Estados Unidos,Basque,España,38,
1950,Primera Ronda,Grupo 2,1950-06-29,España,Chile,Basque,España,8,
1950,Primera Ronda,Grupo 2,1950-06-29,España,Chile,Zarra,España,60,
1950,Primera Ronda,Grupo 2,1950-06-29,Estados Unidos,Inglaterra,Joe Gaetjens,Estados Unidos,38,
1950,Primera Ronda,Grupo 2,1950-07-02,España,Inglaterra,Zarra,España,48,
1950,Primera Ronda,Grupo 2,1950-07-02,Chile,Estados Unidos,George Robledo,Chile,30,
1950,Primera Ronda,Grupo 2,1950-07-02,Chile,Estados Unidos,George Robledo,Chile,50,
1950,Primera Ronda,Grupo 2,1950-07-02,Chile,Estados Unidos,Frank Wallace,Estados Unidos,47,
1950,Primera Ronda,Grupo 3,1950-06-25,Suecia,Italia,Gunnar Nordahl,Suecia,14,
1950,Primera Ronda,Grupo 3,1950-06-25,Suecia,Italia,Gunnar Gren,Suecia,34,
1950,Primera Ronda,Grupo 3,1950-06-25,Suecia,Italia,Annibale Frossi,Italia,25,
1950,Primera Ronda,Grupo 3,1950-06-29,Suecia,Paraguay,Stig Sundqvist,Suecia,2,
1950,Primera Ronda,Grupo 3,1950-06-29,Suecia,Paraguay,Stig Sundqvist,Suecia,34,
1950,Primera Ronda,Grupo 3,1950-06-29,Suecia,Paraguay,Hasse Jeppson,Suecia,44,
1950,Primera Ronda,Grupo 3,1950-06-29,Suecia,Paraguay,Stig Sundqvist,Suecia,75,
1950,Primera Ronda,Grupo 3,1950-06-29,Suecia,Paraguay,Heriberto Herrera,Paraguay,62,
1950,Primera Ronda,Grupo 3,1950-06-29,Suecia,Paraguay,Atilio Lopez,Paraguay,85,
1950,Primera Ronda,Grupo 3,1950-07-02,Italia,Paraguay,Egidio Pandolfini,Italia,12,
1950,Primera Ronda,Grupo 3,1950-07-02,Italia,Paraguay,Egidio Pandolfini,Italia,75,
1950,Primera Ronda,Grupo 3,1950-07-02,Italia,Paraguay,Ricardo Brugada,Paraguay,8,
1950,Primera Ronda,Grupo 3,1950-07-02,Italia,Paraguay,Heriberto Herrera,Paraguay,80,
1950,Primera Ronda,Grupo 4,1950-06-24,Uruguay,Bolivia,Oscar Miguez,Uruguay,15,
1950,Primera Ronda,Grupo 4,1950-06-24,Uruguay,Bolivia,Juan Alberto Schiaffino,Uruguay,18,
1950,Primera Ronda,Grupo 4,1950-06-24,Uruguay,Bolivia,Oscar Miguez,Uruguay,20,
1950,Primera Ronda,Grupo 4,1950-06-24,Uruguay,Bolivia,Juan Alberto Schiaffino,Uruguay,30,
1950,Primera Ronda,Grupo 4,1950-06-24,Uruguay,Bolivia,Alcides Ghiggia,Uruguay,35,
1950,Primera Ronda,Grupo 4,1950-06-24,Uruguay,Bolivia,Ernesto Vidal,Uruguay,40,
1950,Primera Ronda,Grupo 4,1950-06-24,Uruguay,Bolivia,Oscar Miguez,Uruguay,55,
1950,Primera Ronda,Grupo 4,1950-06-24,Uruguay,Bolivia,Ernesto Vidal,Uruguay,65,
1950,Final,,1950-07-09,Brasil,Suecia,Ademir,Brasil,7,
1950,Final,,1950-07-09,Brasil,Suecia,Chico,Brasil,13,
1950,Final,,1950-07-09,Brasil,Suecia,Maneca,Brasil,17,
1950,Final,,1950-07-09,Brasil,Suecia,Maneca,Brasil,63,
1950,Final,,1950-07-09,Brasil,Suecia,Ademir,Brasil,78,
1950,Final,,1950-07-09,Brasil,Suecia,Sune Andersson,Suecia,30,
1950,Final,,1950-07-09,Brasil,Suecia,Kalle Svensson,Suecia,85,
1950,Final,,1950-07-09,Uruguay,España,Juan Alberto Schiaffino,Uruguay,29,
1950,Final,,1950-07-09,Uruguay,España,Obdulio Varela,Uruguay,45,
1950,Final,,1950-07-09,Uruguay,España,Julio Perez,Uruguay,70,
1950,Final,,1950-07-09,Uruguay,España,Telmo Zarra,España,15,
1950,Final,,1950-07-09,Uruguay,España,Basque,España,55,
1950,Final,,1950-07-13,Brasil,España,Ademir,Brasil,6,
1950,Final,,1950-07-13,Brasil,España,Chico,Brasil,13,
1950,Final,,1950-07-13,Brasil,España,Ademir,Brasil,33,
1950,Final,,1950-07-13,Brasil,España,Ademir,Brasil,79,
1950,Final,,1950-07-13,Brasil,España,Zizinho,Brasil,85,
1950,Final,,1950-07-13,Brasil,España,Silvestre Igoa,España,50,
1950,Final,,1950-07-13,Uruguay,Suecia,Juan Alberto Schiaffino,Uruguay,39,
1950,Final,,1950-07-13,Uruguay,Suecia,Alcides Ghiggia,Uruguay,77,
1950,Final,,1950-07-13,Uruguay,Suecia,Stig Sundqvist,Suecia,5,
1950,Final,,1950-07-13,Uruguay,Suecia,Gunnar Gren,Suecia,44,
1950,Final,,1950-07-16,Brasil,Uruguay,Friaça,Brasil,47,
1950,Final,,1950-07-16,Brasil,Uruguay,Juan Alberto Schiaffino,Uruguay,66,
1950,Final,,1950-07-16,Brasil,Uruguay,Alcides Ghiggia,Uruguay,79,
1950,Final,,1950-07-16,Suecia,España,Stig Sundqvist,Suecia,15,
1950,Final,,1950-07-16,Suecia,España,Gunnar Nordahl,Suecia,34,
1950,Final,,1950-07-16,Suecia,España,Gunnar Gren,Suecia,79,
1950,Final,,1950-07-16,Suecia,España,Agustin Gainza,España,25,
1954,Primera Ronda,Grupo 1,1954-06-16,Brasil,México,Baltazar,Brasil,14,
1954,Primera Ronda,Grupo 1,1954-06-16,Brasil,México,Didi,Brasil,30,
1954,Primera Ronda,Grupo 1,1954-06-16,Brasil,México,Pinga,Brasil,43,
1954,Primera Ronda,Grupo 1,1954-06-16,Brasil,México,Julinho,Brasil,55,
1954,Primera Ronda,Grupo 1,1954-06-16,Brasil,México,Baltazar,Brasil,71,
1954,Primera Ronda,Grupo 1,1954-06-16,Yugoslavia,Francia,Milos Milutinovic,Yugoslavia,15,
1954,Primera Ronda,Grupo 1,1954-06-19,Brasil,Yugoslavia,Didi,Brasil,5,
1954,Primera Ronda,Grupo 1,1954-06-19,Brasil,Yugoslavia,Milos Milutinovic,Yugoslavia,20,
1954,Primera Ronda,Grupo 1,1954-06-19,Francia,México,Just Fontaine,Francia,19,
1954,Primera Ronda,Grupo 1,1954-06-19,Francia,México,Raymond Kopa,Francia,40,
1954,Primera Ronda,Grupo 1,1954-06-19,Francia,México,Jean Vincent,Francia,60,
1954,Primera Ronda,Grupo 1,1954-06-19,Francia,México,Rene Bliard,Francia,75,
1954,Primera Ronda,Grupo 1,1954-06-19,Francia,México,Jose Luis Lamadrid,México,85,
1954,Primera Ronda,Grupo 2,1954-06-17,Hungria,Corea del Sur,Sandor Kocsis,Hungria,12,
1954,Primera Ronda,Grupo 2,1954-06-17,Hungria,Corea del Sur,Sandor Kocsis,Hungria,24,
1954,Primera Ronda,Grupo 2,1954-06-17,Hungria,Corea del Sur,Ferenc Puskas,Hungria,10,
1954,Primera Ronda,Grupo 2,1954-06-17,Hungria,Corea del Sur,Zoltan Czibor,Hungria,30,
1954,Primera Ronda,Grupo 2,1954-06-17,Hungria,Corea del Sur,Jozsef Toth,Hungria,50,
1954,Primera Ronda,Grupo 2,1954-06-17,Hungria,Corea del Sur,Nandor Hidegkuti,Hungria,60,
1954,Primera Ronda,Grupo 2,1954-06-17,Hungria,Corea del Sur,Sandor Kocsis,Hungria,75,
1954,Primera Ronda,Grupo 2,1954-06-17,Hungria,Corea del Sur,Sandor Kocsis,Hungria,85,
1954,Primera Ronda,Grupo 2,1954-06-17,Alemania Federal,Turquia,Max Morlock,Alemania Federal,25,
1954,Primera Ronda,Grupo 2,1954-06-17,Alemania Federal,Turquia,Helmut Rahn,Alemania Federal,30,
1954,Primera Ronda,Grupo 2,1954-06-17,Alemania Federal,Turquia,Ottmar Walter,Alemania Federal,50,
1954,Primera Ronda,Grupo 2,1954-06-17,Alemania Federal,Turquia,Fritz Walter,Alemania Federal,70,
1954,Primera Ronda,Grupo 3,1954-06-17,Uruguay,Checoslovaquia,Juan Hohberg,Uruguay,15,
1954,Primera Ronda,Grupo 3,1954-06-17,Uruguay,Checoslovaquia,Juan Hohberg,Uruguay,25,
1954,Primera Ronda,Grupo 3,1954-06-17,Austria,Escocia,Theodor Wagner,Austria,20,
1954,Primera Ronda,Grupo 3,1954-06-17,Austria,Escocia,Erich Probst,Austria,40,
1954,Primera Ronda,Grupo 3,1954-06-17,Austria,Escocia,Erich Probst,Austria,60,
1954,Primera Ronda,Grupo 3,1954-06-17,Austria,Escocia,Theodor Wagner,Austria,70,
1954,Primera Ronda,Grupo 3,1954-06-17,Austria,Escocia,Theodor Wagner,Austria,80,
1954,Primera Ronda,Grupo 3,1954-06-17,Austria,Escocia,Erich Probst,Austria,85,
1954,Primera Ronda,Grupo 3,1954-06-17,Austria,Escocia,Robert Ormond,Escocia,30,
1954,Primera Ronda,Grupo 4,1954-06-17,Inglaterra,Belgica,Nat Lofthouse,Inglaterra,15,
1954,Primera Ronda,Grupo 4,1954-06-17,Inglaterra,Belgica,Nat Lofthouse,Inglaterra,60,
1954,Primera Ronda,Grupo 4,1954-06-17,Inglaterra,Belgica,Ivor Broadis,Inglaterra,70,
1954,Primera Ronda,Grupo 4,1954-06-17,Inglaterra,Belgica,Bernard Voorhoof,Belgica,20,
1954,Primera Ronda,Grupo 4,1954-06-17,Inglaterra,Belgica,Bernard Voorhoof,Belgica,50,
1954,Primera Ronda,Grupo 4,1954-06-17,Italia,Suiza,Gino Cappello,Italia,20,
1954,Primera Ronda,Grupo 4,1954-06-17,Italia,Suiza,Carl Aebi,Suiza,30,
1954,Primera Ronda,Grupo 4,1954-06-17,Italia,Suiza,Josef Hugi,Suiza,50,
1954,Primera Ronda,Grupo 4,1954-06-17,Italia,Suiza,Josef Hugi,Suiza,70,
1954,Cuartos de final,,1954-06-26,Alemania Federal,Yugoslavia,Helmut Rahn,Alemania Federal,12,
1954,Cuartos de final,,1954-06-26,Alemania Federal,Yugoslavia,Helmut Rahn,Alemania Federal,85,
1954,Cuartos de final,,1954-06-26,Alemania Federal,Yugoslavia,Stjepan Bobek,Yugoslavia,50,
1954,Cuartos de final,,1954-06-26,Hungria,Brasil,Sandor Kocsis,Hungria,20,
1954,Cuartos de final,,1954-06-26,Hungria,Brasil,Sandor Kocsis,Hungria,70,
1954,Cuartos de final,,1954-06-26,Hungria,Brasil,Nandor Hidegkuti,Hungria,40,
1954,Cuartos de final,,1954-06-26,Hungria,Brasil,Djalma Santos,Brasil,60,
1954,Cuartos de final,,1954-06-26,Austria,Suiza,Theodor Wagner,Austria,25,
1954,Cuartos de final,,1954-06-26,Austria,Suiza,Theodor Wagner,Austria,30,
1954,Cuartos de final,,1954-06-26,Austria,Suiza,Erich Probst,Austria,50,
1954,Cuartos de final,,1954-06-26,Austria,Suiza,Erich Probst,Austria,60,
1954,Cuartos de final,,1954-06-26,Austria,Suiza,Josef Hugi,Suiza,10,
1954,Cuartos de final,,1954-06-26,Austria,Suiza,Josef Hugi,Suiza,20,
1954,Cuartos de final,,1954-06-26,Austria,Suiza,Josef Hugi,Suiza,40,
1954,Semifinales,,1954-06-30,Alemania Federal,Austria,Max Morlock,Alemania Federal,30,
1954,Semifinales,,1954-06-30,Alemania Federal,Austria,Fritz Walter,Alemania Federal,40,
1954,Semifinales,,1954-06-30,Alemania Federal,Austria,Ottmar Walter,Alemania Federal,50,
1954,Semifinales,,1954-06-30,Alemania Federal,Austria,Erich Probst,Austria,20,
1954,Semifinales,,1954-06-30,Hungria,Uruguay,Sandor Kocsis,Hungria,90,
1954,Semifinales,,1954-06-30,Hungria,Uruguay,Sandor Kocsis,Hungria,110,
1954,Semifinales,,1954-06-30,Hungria,Uruguay,Juan Hohberg,Uruguay,75,
1954,Semifinales,,1954-06-30,Hungria,Uruguay,Juan Hohberg,Uruguay,86,
1954,Tercer puesto,,1954-07-03,Austria,Uruguay,Erich Probst,Austria,15,
1954,Tercer puesto,,1954-07-03,Austria,Uruguay,Erich Probst,Austria,45,
1954,Tercer puesto,,1954-07-03,Austria,Uruguay,Theodor Wagner,Austria,70,
1954,Tercer puesto,,1954-07-03,Austria,Uruguay,Juan Hohberg,Uruguay,20,
1954,Tercer puesto,,1954-07-03,Austria,Uruguay,Carlos Borges,Uruguay,60,
1954,Final,,1954-07-04,Alemania Federal,Hungria,Max Morlock,Alemania Federal,10,
1954,Final,,1954-07-04,Alemania Federal,Hungria,Helmut Rahn,Alemania Federal,18,
1954,Final,,1954-07-04,Alemania Federal,Hungria,Helmut Rahn,Alemania Federal,84,
1954,Final,,1954-07-04,Alemania Federal,Hungria,Ferenc Puskas,Hungria,6,
1954,Final,,1954-07-04,Alemania Federal,Hungria,Zoltan Czibor,Hungria,8,
1958,Primera Ronda,Grupo 1,1958-06-08,Alemania Federal,Argentina,Helmut Rahn,Alemania Federal,32,
1958,Primera Ronda,Grupo 1,1958-06-08,Alemania Federal,Argentina,Uwe Seeler,Alemania Federal,42,
1958,Primera Ronda,Grupo 1,1958-06-08,Alemania Federal,Argentina,Helmut Rahn,Alemania Federal,79,
1958,Primera Ronda,Grupo 1,1958-06-08,Alemania Federal,Argentina,Oreste Corbatta,Argentina,3,
1958,Primera Ronda,Grupo 1,1958-06-08,Irlanda del Norte,Checoslovaquia,Peter McParland,Irlanda del Norte,47,
1958,Primera Ronda,Grupo 1,1958-06-11,Argentina,Irlanda del Norte,Oreste Corbatta,Argentina,38,
1958,Primera Ronda,Grupo 1,1958-06-11,Argentina,Irlanda del Norte,Pedro Dellacha,Argentina,55,
1958,Primera Ronda,Grupo 1,1958-06-11,Argentina,Irlanda del Norte,Peter McParland,Irlanda del Norte,3,
1958,Primera Ronda,Grupo 1,1958-06-11,Alemania Federal,Checoslovaquia,Helmut Rahn,Alemania Federal,60,
1958,Primera Ronda,Grupo 1,1958-06-11,Alemania Federal,Checoslovaquia,Erich Juskowiak,Alemania Federal,80,
1958,Primera Ronda,Grupo 1,1958-06-11,Alemania Federal,Checoslovaquia,Zdenek Zikan,Checoslovaquia,25,
1958,Primera Ronda,Grupo 1,1958-06-15,Argentina,Checoslovaquia,Oreste Corbatta,Argentina,10,
1958,Primera Ronda,Grupo 1,1958-06-15,Argentina,Checoslovaquia,Zdenek Zikan,Checoslovaquia,15,
1958,Primera Ronda,Grupo 1,1958-06-15,Argentina,Checoslovaquia,Zdenek Zikan,Checoslovaquia,30,
1958,Primera Ronda,Grupo 1,1958-06-15,Argentina,Checoslovaquia,Zdenek Zikan,Checoslovaquia,60,
1958,Primera Ronda,Grupo 1,1958-06-15,Argentina,Checoslovaquia,Vaclav Masek,Checoslovaquia,70,
1958,Primera Ronda,Grupo 1,1958-06-15,Argentina,Checoslovaquia,Jiri Feureisl,Checoslovaquia,85,
1958,Primera Ronda,Grupo 1,1958-06-17,Irlanda del Norte,Checoslovaquia,Peter McParland,Irlanda del Norte,1,
1958,Primera Ronda,Grupo 1,1958-06-17,Irlanda del Norte,Checoslovaquia,Peter McParland,Irlanda del Norte,99,
1958,Primera Ronda,Grupo 1,1958-06-17,Irlanda del Norte,Checoslovaquia,Zdenek Zikan,Checoslovaquia,50,
1958,Primera Ronda,Grupo 2,1958-06-08,Francia,Paraguay,Just Fontaine,Francia,24,
1958,Primera Ronda,Grupo 2,1958-06-08,Francia,Paraguay,Just Fontaine,Francia,30,
1958,Primera Ronda,Grupo 2,1958-06-08,Francia,Paraguay,Just Fontaine,Francia,67,
1958,Primera Ronda,Grupo 2,1958-06-08,Francia,Paraguay,Raymond Kopa,Francia,70,
1958,Primera Ronda,Grupo 2,1958-06-08,Francia,Paraguay,Jean Vincent,Francia,83,
1958,Primera Ronda,Grupo 2,1958-06-08,Francia,Paraguay,Maryan Wisniewski,Francia,61,
1958,Primera Ronda,Grupo 2,1958-06-08,Francia,Paraguay,Roger Piantoni,Francia,52,
1958,Primera Ronda,Grupo 2,1958-06-08,Francia,Paraguay,Florencio Amarilla,Paraguay,20,
1958,Primera Ronda,Grupo 2,1958-06-08,Francia,Paraguay,Florencio Amarilla,Paraguay,44,
1958,Primera Ronda,Grupo 2,1958-06-08,Francia,Paraguay,Jorge Romero,Paraguay,50,
1958,Primera Ronda,Grupo 2,1958-06-08,Yugoslavia,Escocia,Tommy Docherty,Escocia,15,
1958,Primera Ronda,Grupo 2,1958-06-08,Yugoslavia,Escocia,Tommy Docherty,Escocia,60,
1958,Primera Ronda,Grupo 2,1958-06-08,Yugoslavia,Escocia,Milos Milutinovic,Yugoslavia,20,
1958,Primera Ronda,Grupo 2,1958-06-08,Yugoslavia,Escocia,Tomislav Knez,Yugoslavia,50,
1958,Primera Ronda,Grupo 2,1958-06-11,Paraguay,Escocia,Florencio Amarilla,Paraguay,10,
1958,Primera Ronda,Grupo 2,1958-06-11,Paraguay,Escocia,Florencio Amarilla,Paraguay,70,
1958,Primera Ronda,Grupo 2,1958-06-11,Paraguay,Escocia,Ruben Fernandez,Paraguay,85,
1958,Primera Ronda,Grupo 2,1958-06-11,Paraguay,Escocia,Bobby Collins,Escocia,20,
1958,Primera Ronda,Grupo 2,1958-06-11,Paraguay,Escocia,Bobby Collins,Escocia,50,
1958,Primera Ronda,Grupo 2,1958-06-15,Francia,Yugoslavia,Just Fontaine,Francia,4,
1958,Primera Ronda,Grupo 2,1958-06-15,Francia,Yugoslavia,Roger Piantoni,Francia,43,
1958,Primera Ronda,Grupo 2,1958-06-15,Francia,Yugoslavia,Milos Milutinovic,Yugoslavia,55,
1958,Primera Ronda,Grupo 3,1958-06-08,Hungria,Gales,Lajos Tichy,Hungria,60,
1958,Primera Ronda,Grupo 3,1958-06-08,Hungria,Gales,John Charles,Gales,30,
1958,Primera Ronda,Grupo 3,1958-06-08,Suecia,Mexico,Agne Simonsson,Suecia,45,
1958,Primera Ronda,Grupo 3,1958-06-08,Suecia,Mexico,Kurt Hamrin,Suecia,60,
1958,Primera Ronda,Grupo 3,1958-06-08,Suecia,Mexico,Nils Liedholm,Suecia,75,
1958,Primera Ronda,Grupo 3,1958-06-11,Mexico,Gales,Jaime Belmonte,Mexico,10,
1958,Primera Ronda,Grupo 3,1958-06-11,Mexico,Gales,Ivor Allchurch,Gales,20,
1958,Primera Ronda,Grupo 3,1958-06-11,Mexico,Gales,Ivor Allchurch,Gales,75,
1958,Primera Ronda,Grupo 3,1958-06-15,Suecia,Hungria,Kurt Hamrin,Suecia,35,
1958,Primera Ronda,Grupo 3,1958-06-15,Suecia,Hungria,Agne Simonsson,Suecia,80,
1958,Primera Ronda,Grupo 3,1958-06-15,Suecia,Hungria,Lajos Tichy,Hungria,50,
1958,Primera Ronda,Grupo 4,1958-06-08,Brasil,Austria,Mazzola,Brasil,10,
1958,Primera Ronda,Grupo 4,1958-06-08,Brasil,Austria,Nilton Santos,Brasil,30,
1958,Primera Ronda,Grupo 4,1958-06-08,Brasil,Austria,Mazzola,Brasil,50,
1958,Primera Ronda,Grupo 4,1958-06-08,URSS,Inglaterra,Anatoli Ilyin,URSS,60,
1958,Primera Ronda,Grupo 4,1958-06-08,URSS,Inglaterra,Tom Finney,Inglaterra,70,
1958,Primera Ronda,Grupo 4,1958-06-11,URSS,Austria,Nikita Simonyan,URSS,20,
1958,Primera Ronda,Grupo 4,1958-06-11,URSS,Austria,Valentin Ivanov,URSS,40,
1958,Primera Ronda,Grupo 4,1958-06-11,URSS,Austria,Viktor Tsarev,URSS,70,
1958,Primera Ronda,Grupo 4,1958-06-15,Brasil,URSS,Vava,Brasil,3,
1958,Primera Ronda,Grupo 4,1958-06-15,Brasil,URSS,Vava,Brasil,77,
1958,Primera Ronda,Grupo 4,1958-06-15,Inglaterra,Austria,Tom Finney,Inglaterra,15,
1958,Primera Ronda,Grupo 4,1958-06-15,Inglaterra,Austria,Derek Kevan,Inglaterra,30,
1958,Cuartos de final,,1958-06-19,Francia,Irlanda del Norte,Just Fontaine,Francia,30,
1958,Cuartos de final,,1958-06-19,Francia,Irlanda del Norte,Just Fontaine,Francia,60,
1958,Cuartos de final,,1958-06-19,Francia,Irlanda del Norte,Jean Vincent,Francia,75,
1958,Cuartos de final,,1958-06-19,Francia,Irlanda del Norte,Maryan Wisniewski,Francia,85,
1958,Cuartos de final,,1958-06-19,Alemania Federal,Yugoslavia,Helmut Rahn,Alemania Federal,12,
1958,Cuartos de final,,1958-06-19,Brasil,Gales,Pele,Brasil,66,
1958,Cuartos de final,,1958-06-19,Suecia,URSS,Kurt Hamrin,Suecia,49,
1958,Cuartos de final,,1958-06-19,Suecia,URSS,Agne Simonsson,Suecia,88,
1958,Semifinales,,1958-06-24,Suecia,Alemania Federal,Kurt Hamrin,Suecia,32,
1958,Semifinales,,1958-06-24,Suecia,Alemania Federal,Agne Simonsson,Suecia,81,
1958,Semifinales,,1958-06-24,Suecia,Alemania Federal,Hans Schaefer,Alemania Federal,24,
1958,Semifinales,,1958-06-24,Brasil,Francia,Vava,Brasil,2,
1958,Semifinales,,1958-06-24,Brasil,Francia,Vava,Brasil,39,
1958,Semifinales,,1958-06-24,Brasil,Francia,Pele,Brasil,52,
1958,Semifinales,,1958-06-24,Brasil,Francia,Pele,Brasil,64,
1958,Semifinales,,1958-06-24,Brasil,Francia,Pele,Brasil,75,
1958,Semifinales,,1958-06-24,Brasil,Francia,Just Fontaine,Francia,9,
1958,Semifinales,,1958-06-24,Brasil,Francia,Roger Piantoni,Francia,83,
1958,Tercer puesto,,1958-06-28,Francia,Alemania Federal,Just Fontaine,Francia,16,
1958,Tercer puesto,,1958-06-28,Francia,Alemania Federal,Just Fontaine,Francia,36,
1958,Tercer puesto,,1958-06-28,Francia,Alemania Federal,Just Fontaine,Francia,78,
1958,Tercer puesto,,1958-06-28,Francia,Alemania Federal,Just Fontaine,Francia,89,
1958,Tercer puesto,,1958-06-28,Francia,Alemania Federal,Raymond Kopa,Francia,27,
1958,Tercer puesto,,1958-06-28,Francia,Alemania Federal,Yvon Douis,Francia,50,
1958,Tercer puesto,,1958-06-28,Francia,Alemania Federal,Hans Cieslarczyk,Alemania Federal,18,
1958,Tercer puesto,,1958-06-28,Francia,Alemania Federal,Helmut Rahn,Alemania Federal,52,
1958,Tercer puesto,,1958-06-28,Francia,Alemania Federal,Hans Schaefer,Alemania Federal,84,
1958,Final,,1958-06-29,Brasil,Suecia,Vava,Brasil,9,
1958,Final,,1958-06-29,Brasil,Suecia,Vava,Brasil,32,
1958,Final,,1958-06-29,Brasil,Suecia,Pele,Brasil,55,
1958,Final,,1958-06-29,Brasil,Suecia,Pele,Brasil,90,
1958,Final,,1958-06-29,Brasil,Suecia,Zagallo,Brasil,68,
1958,Final,,1958-06-29,Brasil,Suecia,Nils Liedholm,Suecia,4,
1958,Final,,1958-06-29,Brasil,Suecia,Agne Simonsson,Suecia,80,
1962,Primera Ronda,Grupo 1,1962-05-30,Uruguay,Colombia,Luis Cubilla,Uruguay,56,
1962,Primera Ronda,Grupo 1,1962-05-30,Uruguay,Colombia,Hector Facundo,Uruguay,75,
1962,Primera Ronda,Grupo 1,1962-05-30,Uruguay,Colombia,Francisco Zuluaga,Colombia,19,
1962,Primera Ronda,Grupo 1,1962-05-31,URSS,Yugoslavia,Valentin Ivanov,URSS,50,
1962,Primera Ronda,Grupo 1,1962-05-31,URSS,Yugoslavia,Viktor Ponedelnik,URSS,75,
1962,Primera Ronda,Grupo 1,1962-06-02,Yugoslavia,Uruguay,Vladimir Kovacevic,Yugoslavia,15,
1962,Primera Ronda,Grupo 1,1962-06-02,Yugoslavia,Uruguay,Josip Skoblar,Yugoslavia,30,
1962,Primera Ronda,Grupo 1,1962-06-02,Yugoslavia,Uruguay,Josip Skoblar,Yugoslavia,70,
1962,Primera Ronda,Grupo 1,1962-06-02,Yugoslavia,Uruguay,Jose Sasía,Uruguay,20,
1962,Primera Ronda,Grupo 1,1962-06-03,URSS,Colombia,Igor Chislenko,URSS,10,
1962,Primera Ronda,Grupo 1,1962-06-03,URSS,Colombia,Valentin Ivanov,URSS,20,
1962,Primera Ronda,Grupo 1,1962-06-03,URSS,Colombia,Valentin Ivanov,URSS,56,
1962,Primera Ronda,Grupo 1,1962-06-03,URSS,Colombia,Valentin Ivanov,URSS,70,
1962,Primera Ronda,Grupo 1,1962-06-03,URSS,Colombia,Marcos Coll,Colombia,68,
1962,Primera Ronda,Grupo 1,1962-06-03,URSS,Colombia,Antonio Rada,Colombia,72,
1962,Primera Ronda,Grupo 1,1962-06-03,URSS,Colombia,Antonio Rada,Colombia,75,
1962,Primera Ronda,Grupo 1,1962-06-03,URSS,Colombia,Francisco Klinger,Colombia,86,
1962,Primera Ronda,Grupo 1,1962-06-06,URSS,Uruguay,Igor Netto,URSS,38,
1962,Primera Ronda,Grupo 1,1962-06-06,URSS,Uruguay,Valentin Ivanov,URSS,60,
1962,Primera Ronda,Grupo 1,1962-06-06,URSS,Uruguay,Jose Sasía,Uruguay,80,
1962,Primera Ronda,Grupo 1,1962-06-06,Yugoslavia,Colombia,Josip Skoblar,Yugoslavia,5,
1962,Primera Ronda,Grupo 1,1962-06-06,Yugoslavia,Colombia,Josip Skoblar,Yugoslavia,15,
1962,Primera Ronda,Grupo 1,1962-06-06,Yugoslavia,Colombia,Vladimir Kovacevic,Yugoslavia,30,
1962,Primera Ronda,Grupo 1,1962-06-06,Yugoslavia,Colombia,Drazan Jerkovic,Yugoslavia,60,
1962,Primera Ronda,Grupo 1,1962-06-06,Yugoslavia,Colombia,Drazan Jerkovic,Yugoslavia,80,
1962,Primera Ronda,Grupo 2,1962-05-30,Chile,Suiza,Leonel Sanchez,Chile,44,
1962,Primera Ronda,Grupo 2,1962-05-30,Chile,Suiza,Jaime Ramirez,Chile,50,
1962,Primera Ronda,Grupo 2,1962-05-30,Chile,Suiza,Jorge Toro,Chile,80,
1962,Primera Ronda,Grupo 2,1962-05-30,Chile,Suiza,Josef Hugi,Suiza,15,
1962,Primera Ronda,Grupo 2,1962-06-02,Chile,Italia,Jaime Ramirez,Chile,74,
1962,Primera Ronda,Grupo 2,1962-06-02,Chile,Italia,Jorge Toro,Chile,88,
1962,Primera Ronda,Grupo 2,1962-06-03,Alemania Occidental,Suiza,Uwe Seeler,Alemania Occidental,10,
1962,Primera Ronda,Grupo 2,1962-06-03,Alemania Occidental,Suiza,Helmut Rahn,Alemania Occidental,70,
1962,Primera Ronda,Grupo 2,1962-06-03,Alemania Occidental,Suiza,Josef Hugi,Suiza,50,
1962,Primera Ronda,Grupo 2,1962-06-06,Alemania Occidental,Chile,Uwe Seeler,Alemania Occidental,20,
1962,Primera Ronda,Grupo 2,1962-06-06,Alemania Occidental,Chile,Helmut Rahn,Alemania Occidental,80,
1962,Primera Ronda,Grupo 2,1962-06-06,Alemania Occidental,Chile,Jorge Toro,Chile,60,
1962,Primera Ronda,Grupo 2,1962-06-06,Italia,Suiza,Gianni Rivera,Italia,15,
1962,Primera Ronda,Grupo 2,1962-06-06,Italia,Suiza,Gianni Rivera,Italia,70,
1962,Primera Ronda,Grupo 2,1962-06-06,Italia,Suiza,Aurelio Milani,Italia,85,
1962,Primera Ronda,Grupo 3,1962-05-30,Brasil,Mexico,Zagallo,Brasil,56,
1962,Primera Ronda,Grupo 3,1962-05-30,Brasil,Mexico,Pele,Brasil,73,
1962,Primera Ronda,Grupo 3,1962-05-31,Checoslovaquia,España,Vaclav Masek,Checoslovaquia,82,
1962,Primera Ronda,Grupo 3,1962-06-03,España,Mexico,Adelardo,España,90,
1962,Primera Ronda,Grupo 3,1962-06-06,Brasil,España,Amarildo,Brasil,72,
1962,Primera Ronda,Grupo 3,1962-06-06,Brasil,España,Amarildo,Brasil,86,
1962,Primera Ronda,Grupo 3,1962-06-06,Brasil,España,Manuel Pahiño,España,35,
1962,Primera Ronda,Grupo 3,1962-06-06,Checoslovaquia,Mexico,Adolf Scherer,Checoslovaquia,30,
1962,Primera Ronda,Grupo 3,1962-06-06,Checoslovaquia,Mexico,Adolf Scherer,Checoslovaquia,80,
1962,Primera Ronda,Grupo 3,1962-06-06,Checoslovaquia,Mexico,Hector Hernandez,Mexico,20,
1962,Primera Ronda,Grupo 3,1962-06-06,Checoslovaquia,Mexico,Hector Hernandez,Mexico,60,
1962,Primera Ronda,Grupo 3,1962-06-06,Checoslovaquia,Mexico,Hector Hernandez,Mexico,75,
1962,Primera Ronda,Grupo 4,1962-05-30,Argentina,Bulgaria,Facundo,Argentina,4,
1962,Primera Ronda,Grupo 4,1962-05-31,Hungria,Inglaterra,Lajos Tichy,Hungria,20,
1962,Primera Ronda,Grupo 4,1962-05-31,Hungria,Inglaterra,Florian Albert,Hungria,50,
1962,Primera Ronda,Grupo 4,1962-05-31,Hungria,Inglaterra,Ron Flowers,Inglaterra,60,
1962,Primera Ronda,Grupo 4,1962-06-02,Inglaterra,Argentina,Jimmy Greaves,Inglaterra,40,
1962,Primera Ronda,Grupo 4,1962-06-02,Inglaterra,Argentina,Jimmy Greaves,Inglaterra,60,
1962,Primera Ronda,Grupo 4,1962-06-02,Inglaterra,Argentina,Jimmy Greaves,Inglaterra,80,
1962,Primera Ronda,Grupo 4,1962-06-02,Inglaterra,Argentina,Jose Sanfilippo,Argentina,10,
1962,Primera Ronda,Grupo 4,1962-06-03,Hungria,Bulgaria,Florian Albert,Hungria,10,
1962,Primera Ronda,Grupo 4,1962-06-03,Hungria,Bulgaria,Florian Albert,Hungria,30,
1962,Primera Ronda,Grupo 4,1962-06-03,Hungria,Bulgaria,Florian Albert,Hungria,50,
1962,Primera Ronda,Grupo 4,1962-06-03,Hungria,Bulgaria,Lajos Tichy,Hungria,70,
1962,Primera Ronda,Grupo 4,1962-06-03,Hungria,Bulgaria,Lajos Tichy,Hungria,80,
1962,Primera Ronda,Grupo 4,1962-06-03,Hungria,Bulgaria,Georgi Asparuhov,Bulgaria,60,
1962,Primera Ronda,Grupo 4,1962-06-06,Hungria,Argentina,Florian Albert,Hungria,10,
1962,Primera Ronda,Grupo 4,1962-06-06,Hungria,Argentina,Lajos Tichy,Hungria,70,
1962,Primera Ronda,Grupo 4,1962-06-06,Hungria,Argentina,Jose Sanfilippo,Argentina,20,
1962,Primera Ronda,Grupo 4,1962-06-06,Inglaterra,Bulgaria,Jimmy Greaves,Inglaterra,20,
1962,Primera Ronda,Grupo 4,1962-06-06,Inglaterra,Bulgaria,Derek Kevan,Inglaterra,40,
1962,Cuartos de final,,1962-06-10,Chile,URSS,Leonel Sanchez,Chile,11,
1962,Cuartos de final,,1962-06-10,Chile,URSS,Eladio Rojas,Chile,87,
1962,Cuartos de final,,1962-06-10,Chile,URSS,Igor Chislenko,URSS,27,
1962,Cuartos de final,,1962-06-10,Brasil,Inglaterra,Garrincha,Brasil,31,
1962,Cuartos de final,,1962-06-10,Brasil,Inglaterra,Garrincha,Brasil,59,
1962,Cuartos de final,,1962-06-10,Brasil,Inglaterra,Vava,Brasil,44,
1962,Cuartos de final,,1962-06-10,Brasil,Inglaterra,Gerry Hitchens,Inglaterra,38,
1962,Cuartos de final,,1962-06-10,Yugoslavia,Alemania Occidental,Petar Radakovic,Yugoslavia,85,
1962,Cuartos de final,,1962-06-10,Checoslovaquia,Hungria,Adolf Scherer,Checoslovaquia,13,
1962,Semifinales,,1962-06-13,Brasil,Chile,Garrincha,Brasil,9,
1962,Semifinales,,1962-06-13,Brasil,Chile,Garrincha,Brasil,32,
1962,Semifinales,,1962-06-13,Brasil,Chile,Vava,Brasil,47,
1962,Semifinales,,1962-06-13,Brasil,Chile,Jorge Toro,Chile,39,
1962,Semifinales,,1962-06-13,Checoslovaquia,Yugoslavia,Josef Masopust,Checoslovaquia,15,
1962,Semifinales,,1962-06-13,Checoslovaquia,Yugoslavia,Zdenek Kadraba,Checoslovaquia,70,
1962,Tercer puesto,,1962-06-16,Chile,Yugoslavia,Eladio Rojas,Chile,90,
1962,Tercer puesto,,1962-06-16,Chile,Yugoslavia,Drazan Jerkovic,Yugoslavia,30,
1962,Final,,1962-06-17,Brasil,Checoslovaquia,Amarildo,Brasil,17,
1962,Final,,1962-06-17,Brasil,Checoslovaquia,Zito,Brasil,69,
1962,Final,,1962-06-17,Brasil,Checoslovaquia,Vava,Brasil,78,
1962,Final,,1962-06-17,Brasil,Checoslovaquia,Josef Masopust,Checoslovaquia,15,
1966,Primera Ronda,Grupo 1,1966-07-13,Francia,Mexico,Pierre Grillet,Francia,36,
1966,Primera Ronda,Grupo 1,1966-07-13,Francia,Mexico,Jose Luis Gonzalez,Mexico,47,
1966,Primera Ronda,Grupo 1,1966-07-15,Uruguay,Francia,Hector De Bourgoing,Uruguay,26,
1966,Primera Ronda,Grupo 1,1966-07-15,Uruguay,Francia,Pedro Rocha,Uruguay,55,
1966,Primera Ronda,Grupo 1,1966-07-15,Uruguay,Francia,Georges Lech,Francia,15,
1966,Primera Ronda,Grupo 1,1966-07-16,Inglaterra,Mexico,Roger Hunt,Inglaterra,37,
1966,Primera Ronda,Grupo 1,1966-07-16,Inglaterra,Mexico,Roger Hunt,Inglaterra,75,
1966,Primera Ronda,Grupo 1,1966-07-20,Inglaterra,Francia,Roger Hunt,Inglaterra,38,
1966,Primera Ronda,Grupo 1,1966-07-20,Inglaterra,Francia,Roger Hunt,Inglaterra,75,
1966,Primera Ronda,Grupo 2,1966-07-12,Alemania Occidental,Suiza,Helmut Haller,Alemania Occidental,40,
1966,Primera Ronda,Grupo 2,1966-07-12,Alemania Occidental,Suiza,Sigfried Held,Alemania Occidental,52,
1966,Primera Ronda,Grupo 2,1966-07-12,Alemania Occidental,Suiza,Uwe Seeler,Alemania Occidental,75,
1966,Primera Ronda,Grupo 2,1966-07-12,Alemania Occidental,Suiza,Franz Beckenbauer,Alemania Occidental,80,
1966,Primera Ronda,Grupo 2,1966-07-12,Alemania Occidental,Suiza,Franz Beckenbauer,Alemania Occidental,85,
1966,Primera Ronda,Grupo 2,1966-07-13,Argentina,España,Luis Artime,Argentina,34,
1966,Primera Ronda,Grupo 2,1966-07-13,Argentina,España,Luis Artime,Argentina,80,
1966,Primera Ronda,Grupo 2,1966-07-13,Argentina,España,Pirri,España,70,
1966,Primera Ronda,Grupo 2,1966-07-16,España,Suiza,Ferenc Puskas,España,51,
1966,Primera Ronda,Grupo 2,1966-07-16,España,Suiza,Amancio,España,80,
1966,Primera Ronda,Grupo 2,1966-07-16,España,Suiza,Heinz Schneiter,Suiza,35,
1966,Primera Ronda,Grupo 2,1966-07-19,Argentina,Suiza,Luis Artime,Argentina,23,
1966,Primera Ronda,Grupo 2,1966-07-19,Argentina,Suiza,Ermindo Onega,Argentina,52,
1966,Primera Ronda,Grupo 2,1966-07-20,Alemania Occidental,España,Uwe Seeler,Alemania Occidental,2,
1966,Primera Ronda,Grupo 2,1966-07-20,Alemania Occidental,España,Franz Beckenbauer,Alemania Occidental,84,
1966,Primera Ronda,Grupo 2,1966-07-20,Alemania Occidental,España,Pirri,España,30,
1966,Primera Ronda,Grupo 3,1966-07-12,Brasil,Bulgaria,Garrincha,Brasil,15,
1966,Primera Ronda,Grupo 3,1966-07-12,Brasil,Bulgaria,Pele,Brasil,63,
1966,Primera Ronda,Grupo 3,1966-07-13,Portugal,Hungria,Jose Torres,Portugal,20,
1966,Primera Ronda,Grupo 3,1966-07-13,Portugal,Hungria,Jose Augusto,Portugal,40,
1966,Primera Ronda,Grupo 3,1966-07-13,Portugal,Hungria,Jose Torres,Portugal,75,
1966,Primera Ronda,Grupo 3,1966-07-16,Portugal,Bulgaria,Eusebio,Portugal,15,
1966,Primera Ronda,Grupo 3,1966-07-16,Portugal,Bulgaria,Eusebio,Portugal,35,
1966,Primera Ronda,Grupo 3,1966-07-16,Portugal,Bulgaria,Jose Augusto,Portugal,60,
1966,Primera Ronda,Grupo 3,1966-07-16,Hungria,Brasil,Ferenc Bene,Hungria,3,
1966,Primera Ronda,Grupo 3,1966-07-16,Hungria,Brasil,Ferenc Bene,Hungria,65,
1966,Primera Ronda,Grupo 3,1966-07-16,Hungria,Brasil,Tostao,Brasil,15,
1966,Primera Ronda,Grupo 3,1966-07-19,Portugal,Brasil,Eusebio,Portugal,15,
1966,Primera Ronda,Grupo 3,1966-07-19,Portugal,Brasil,Eusebio,Portugal,30,
1966,Primera Ronda,Grupo 3,1966-07-19,Portugal,Brasil,Eusebio,Portugal,85,
1966,Primera Ronda,Grupo 3,1966-07-19,Portugal,Brasil,Rildo,Brasil,12,
1966,Primera Ronda,Grupo 3,1966-07-20,Hungria,Bulgaria,Ferenc Bene,Hungria,10,
1966,Primera Ronda,Grupo 3,1966-07-20,Hungria,Bulgaria,Ferenc Bene,Hungria,30,
1966,Primera Ronda,Grupo 3,1966-07-20,Hungria,Bulgaria,Ferenc Bene,Hungria,70,
1966,Primera Ronda,Grupo 3,1966-07-20,Hungria,Bulgaria,Georgi Asparuhov,Bulgaria,50,
1966,Primera Ronda,Grupo 4,1966-07-12,URSS,Corea del Norte,Valeri Porkuyan,URSS,31,
1966,Primera Ronda,Grupo 4,1966-07-12,URSS,Corea del Norte,Valeri Porkuyan,URSS,77,
1966,Primera Ronda,Grupo 4,1966-07-12,URSS,Corea del Norte,Valeri Porkuyan,URSS,88,
1966,Primera Ronda,Grupo 4,1966-07-13,Italia,Chile,Sandro Mazzola,Italia,9,
1966,Primera Ronda,Grupo 4,1966-07-13,Italia,Chile,Sandro Mazzola,Italia,88,
1966,Primera Ronda,Grupo 4,1966-07-15,URSS,Italia,Igor Chislenko,URSS,57,
1966,Primera Ronda,Grupo 4,1966-07-16,Corea del Norte,Chile,Park Seung-zin,Corea del Norte,88,
1966,Primera Ronda,Grupo 4,1966-07-16,Corea del Norte,Chile,Leonel Sanchez,Chile,26,
1966,Primera Ronda,Grupo 4,1966-07-16,Corea del Norte,Chile,Ruben Marcos,Chile,75,
1966,Primera Ronda,Grupo 4,1966-07-19,Corea del Norte,Italia,Pak Doo-ik,Corea del Norte,42,
1966,Primera Ronda,Grupo 4,1966-07-20,URSS,Chile,Igor Chislenko,URSS,11,
1966,Primera Ronda,Grupo 4,1966-07-20,URSS,Chile,Anatoli Banishevski,URSS,58,
1966,Cuartos de final,,1966-07-23,Inglaterra,Argentina,Geoff Hurst,Inglaterra,78,
1966,Cuartos de final,,1966-07-23,Alemania Occidental,Uruguay,Helmut Haller,Alemania Occidental,12,
1966,Cuartos de final,,1966-07-23,Alemania Occidental,Uruguay,Uwe Seeler,Alemania Occidental,70,
1966,Cuartos de final,,1966-07-23,Alemania Occidental,Uruguay,Uwe Seeler,Alemania Occidental,75,
1966,Cuartos de final,,1966-07-23,Alemania Occidental,Uruguay,Franz Beckenbauer,Alemania Occidental,80,
1966,Cuartos de final,,1966-07-23,Portugal,Corea del Norte,Eusebio,Portugal,27,
1966,Cuartos de final,,1966-07-23,Portugal,Corea del Norte,Eusebio,Portugal,43,
1966,Cuartos de final,,1966-07-23,Portugal,Corea del Norte,Eusebio,Portugal,56,
1966,Cuartos de final,,1966-07-23,Portugal,Corea del Norte,Eusebio,Portugal,60,
1966,Cuartos de final,,1966-07-23,Portugal,Corea del Norte,Jose Augusto,Portugal,80,
1966,Cuartos de final,,1966-07-23,URSS,Hungria,Valeri Porkuyan,URSS,5,
1966,Cuartos de final,,1966-07-23,URSS,Hungria,Igor Chislenko,URSS,65,
1966,Cuartos de final,,1966-07-23,URSS,Hungria,Ferenc Bene,Hungria,35,
1966,Semifinales,,1966-07-25,Inglaterra,Portugal,Bobby Charlton,Inglaterra,30,
1966,Semifinales,,1966-07-25,Inglaterra,Portugal,Bobby Charlton,Inglaterra,80,
1966,Semifinales,,1966-07-25,Inglaterra,Portugal,Eusebio,Portugal,82,penal
1966,Semifinales,,1966-07-25,Alemania Occidental,URSS,Helmut Haller,Alemania Occidental,8,
1966,Semifinales,,1966-07-25,Alemania Occidental,URSS,Franz Beckenbauer,Alemania Occidental,45,
1966,Semifinales,,1966-07-25,Alemania Occidental,URSS,Valeri Porkuyan,URSS,88,
1966,Tercer puesto,,1966-07-28,Portugal,URSS,Eusebio,Portugal,12,
1966,Tercer puesto,,1966-07-28,Portugal,URSS,Jose Augusto,Portugal,89,
1966,Tercer puesto,,1966-07-28,Portugal,URSS,Valeri Porkuyan,URSS,43,
1966,Final,,1966-07-30,Inglaterra,Alemania Occidental,Geoff Hurst,Inglaterra,18,
1966,Final,,1966-07-30,Inglaterra,Alemania Occidental,Martin Peters,Inglaterra,78,
1966,Final,,1966-07-30,Inglaterra,Alemania Occidental,Geoff Hurst,Inglaterra,101,
1966,Final,,1966-07-30,Inglaterra,Alemania Occidental,Geoff Hurst,Inglaterra,120,
1966,Final,,1966-07-30,Inglaterra,Alemania Occidental,Helmut Haller,Alemania Occidental,12,
1966,Final,,1966-07-30,Inglaterra,Alemania Occidental,Wolfgang Weber,Alemania Occidental,89,
1970,Primera Ronda,Grupo 1,1970-06-03,Belgica,El Salvador,Wilfried Van Moer,Belgica,20,
1970,Primera Ronda,Grupo 1,1970-06-03,Belgica,El Salvador,Raoul Lambert,Belgica,55,
1970,Primera Ronda,Grupo 1,1970-06-03,Belgica,El Salvador,Raoul Lambert,Belgica,70,
1970,Primera Ronda,Grupo 1,1970-06-06,URSS,Belgica,Anatoli Byshovets,URSS,14,
1970,Primera Ronda,Grupo 1,1970-06-06,URSS,Belgica,Anatoli Byshovets,URSS,50,
1970,Primera Ronda,Grupo 1,1970-06-06,URSS,Belgica,Viktor Serebryanikov,URSS,62,
1970,Primera Ronda,Grupo 1,1970-06-06,URSS,Belgica,Paul Van Himst,Belgica,80,
1970,Primera Ronda,Grupo 1,1970-06-07,Mexico,El Salvador,Javier Valdivia,Mexico,45,
1970,Primera Ronda,Grupo 1,1970-06-07,Mexico,El Salvador,Javier Valdivia,Mexico,50,
1970,Primera Ronda,Grupo 1,1970-06-07,Mexico,El Salvador,Gustavo Peña,Mexico,60,
1970,Primera Ronda,Grupo 1,1970-06-07,Mexico,El Salvador,Javier Fragoso,Mexico,85,
1970,Primera Ronda,Grupo 1,1970-06-10,URSS,El Salvador,Anatoli Byshovets,URSS,15,
1970,Primera Ronda,Grupo 1,1970-06-10,URSS,El Salvador,Anatoli Byshovets,URSS,50,
1970,Primera Ronda,Grupo 1,1970-06-11,Mexico,Belgica,Gustavo Peña,Mexico,14,
1970,Primera Ronda,Grupo 2,1970-06-02,Uruguay,Israel,Luis Cubilla,Uruguay,23,
1970,Primera Ronda,Grupo 2,1970-06-02,Uruguay,Israel,Victor Espárrago,Uruguay,50,
1970,Primera Ronda,Grupo 2,1970-06-03,Italia,Suecia,Angelo Domenghini,Italia,11,
1970,Primera Ronda,Grupo 2,1970-06-07,Suecia,Israel,Tommy Svensson,Suecia,52,
1970,Primera Ronda,Grupo 2,1970-06-07,Suecia,Israel,Mordechai Spiegler,Israel,56,
1970,Primera Ronda,Grupo 2,1970-06-10,Suecia,Uruguay,Blagoje Vidinic,Uruguay,80,en contra
1970,Primera Ronda,Grupo 3,1970-06-02,Inglaterra,Rumania,Geoff Hurst,Inglaterra,65,
1970,Primera Ronda,Grupo 3,1970-06-03,Brasil,Checoslovaquia,Pele,Brasil,59,
1970,Primera Ronda,Grupo 3,1970-06-03,Brasil,Checoslovaquia,Rivelino,Brasil,24,
1970,Primera Ronda,Grupo 3,1970-06-03,Brasil,Checoslovaquia,Jairzinho,Brasil,65,
1970,Primera Ronda,Grupo 3,1970-06-03,Brasil,Checoslovaquia,Jairzinho,Brasil,85,
1970,Primera Ronda,Grupo 3,1970-06-03,Brasil,Checoslovaquia,Ladislav Petras,Checoslovaquia,11,
1970,Primera Ronda,Grupo 3,1970-06-07,Rumania,Checoslovaquia,Florea Dumitrache,Rumania,11,
1970,Primera Ronda,Grupo 3,1970-06-07,Rumania,Checoslovaquia,Florea Dumitrache,Rumania,46,
1970,Primera Ronda,Grupo 3,1970-06-07,Rumania,Checoslovaquia,Alexandru Neagu,Rumania,60,
1970,Primera Ronda,Grupo 3,1970-06-07,Rumania,Checoslovaquia,Ladislav Petras,Checoslovaquia,5,
1970,Primera Ronda,Grupo 3,1970-06-07,Rumania,Checoslovaquia,Bohumil Vesely,Checoslovaquia,40,
1970,Primera Ronda,Grupo 3,1970-06-07,Brasil,Inglaterra,Jairzinho,Brasil,59,
1970,Primera Ronda,Grupo 3,1970-06-10,Brasil,Rumania,Pele,Brasil,19,
1970,Primera Ronda,Grupo 3,1970-06-10,Brasil,Rumania,Pele,Brasil,67,
1970,Primera Ronda,Grupo 3,1970-06-10,Brasil,Rumania,Jairzinho,Brasil,22,
1970,Primera Ronda,Grupo 3,1970-06-10,Brasil,Rumania,Florea Dumitrache,Rumania,34,
1970,Primera Ronda,Grupo 3,1970-06-10,Brasil,Rumania,Emerich Dembrovschi,Rumania,84,
1970,Primera Ronda,Grupo 4,1970-06-02,Peru,Bulgaria,Teofilo Cubillas,Peru,51,
1970,Primera Ronda,Grupo 4,1970-06-02,Peru,Bulgaria,Teofilo Cubillas,Peru,73,
1970,Primera Ronda,Grupo 4,1970-06-02,Peru,Bulgaria,Alberto Gallardo,Peru,55,
1970,Primera Ronda,Grupo 4,1970-06-02,Peru,Bulgaria,Hristo Bonev,Bulgaria,12,
1970,Primera Ronda,Grupo 4,1970-06-02,Peru,Bulgaria,Todor Kolev,Bulgaria,49,
1970,Primera Ronda,Grupo 4,1970-06-02,Alemania Federal,Marruecos,Uwe Seeler,Alemania Federal,56,
1970,Primera Ronda,Grupo 4,1970-06-02,Alemania Federal,Marruecos,Gerd Muller,Alemania Federal,80,
1970,Primera Ronda,Grupo 4,1970-06-02,Alemania Federal,Marruecos,Maouhoub Ghazouani,Marruecos,21,
1970,Primera Ronda,Grupo 4,1970-06-06,Peru,Marruecos,Teofilo Cubillas,Peru,65,
1970,Primera Ronda,Grupo 4,1970-06-06,Peru,Marruecos,Roberto Challe,Peru,75,
1970,Primera Ronda,Grupo 4,1970-06-06,Alemania Federal,Bulgaria,Gerd Muller,Alemania Federal,10,
1970,Primera Ronda,Grupo 4,1970-06-06,Alemania Federal,Bulgaria,Gerd Muller,Alemania Federal,20,
1970,Primera Ronda,Grupo 4,1970-06-06,Alemania Federal,Bulgaria,Gerd Muller,Alemania Federal,70,
1970,Primera Ronda,Grupo 4,1970-06-06,Alemania Federal,Bulgaria,Georgi Asparuhov,Bulgaria,12,
1970,Primera Ronda,Grupo 4,1970-06-06,Alemania Federal,Bulgaria,Dinko Dermendzhiev,Bulgaria,50,
1970,Primera Ronda,Grupo 4,1970-06-10,Alemania Federal,Peru,Gerd Muller,Alemania Federal,19,
1970,Primera Ronda,Grupo 4,1970-06-10,Alemania Federal,Peru,Gerd Muller,Alemania Federal,39,
1970,Primera Ronda,Grupo 4,1970-06-10,Alemania Federal,Peru,Gerd Muller,Alemania Federal,85,
1970,Primera Ronda,Grupo 4,1970-06-10,Alemania Federal,Peru,Teofilo Cubillas,Peru,44,
1970,Cuartos de final,,1970-06-14,Uruguay,URSS,Victor Espárrago,Uruguay,117,
1970,Cuartos de final,,1970-06-14,Brasil,Peru,Rivelino,Brasil,11,
1970,Cuartos de final,,1970-06-14,Brasil,Peru,Tostao,Brasil,15,
1970,Cuartos de final,,1970-06-14,Brasil,Peru,Jairzinho,Brasil,52,
1970,Cuartos de final,,1970-06-14,Brasil,Peru,Jairzinho,Brasil,70,
1970,Cuartos de final,,1970-06-14,Brasil,Peru,Alberto Gallardo,Peru,28,
1970,Cuartos de final,,1970-06-14,Brasil,Peru,Teofilo Cubillas,Peru,75,
1970,Cuartos de final,,1970-06-14,Italia,Mexico,Roberto Boninsegna,Italia,8,
1970,Cuartos de final,,1970-06-14,Italia,Mexico,Luigi Riva,Italia,65,
1970,Cuartos de final,,1970-06-14,Italia,Mexico,Luigi Riva,Italia,75,
1970,Cuartos de final,,1970-06-14,Italia,Mexico,Gianni Rivera,Italia,80,
1970,Cuartos de final,,1970-06-14,Italia,Mexico,Jose Gonzalez,Mexico,13,
1970,Cuartos de final,,1970-06-14,Alemania Federal,Inglaterra,Gerd Muller,Alemania Federal,108,
1970,Cuartos de final,,1970-06-14,Alemania Federal,Inglaterra,Franz Beckenbauer,Alemania Federal,68,
1970,Cuartos de final,,1970-06-14,Alemania Federal,Inglaterra,Uwe Seeler,Alemania Federal,82,
1970,Cuartos de final,,1970-06-14,Alemania Federal,Inglaterra,Alan Mullery,Inglaterra,31,
1970,Cuartos de final,,1970-06-14,Alemania Federal,Inglaterra,Martin Peters,Inglaterra,50,
1970,Semifinales,,1970-06-17,Brasil,Uruguay,Clodoaldo,Brasil,45,
1970,Semifinales,,1970-06-17,Brasil,Uruguay,Jairzinho,Brasil,76,
1970,Semifinales,,1970-06-17,Brasil,Uruguay,Rivelino,Brasil,89,
1970,Semifinales,,1970-06-17,Brasil,Uruguay,Luis Cubilla,Uruguay,19,
1970,Semifinales,,1970-06-17,Italia,Alemania Federal,Roberto Boninsegna,Italia,8,
1970,Semifinales,,1970-06-17,Italia,Alemania Federal,Gerd Muller,Alemania Federal,94,
1970,Semifinales,,1970-06-17,Italia,Alemania Federal,Gerd Muller,Alemania Federal,110,
1970,Semifinales,,1970-06-17,Italia,Alemania Federal,Tarcisio Burgnich,Italia,98,
1970,Semifinales,,1970-06-17,Italia,Alemania Federal,Luigi Riva,Italia,104,
1970,Semifinales,,1970-06-17,Italia,Alemania Federal,Gianni Rivera,Italia,111,
1970,Tercer puesto,,1970-06-20,Alemania Federal,Uruguay,Wolfgang Overath,Alemania Federal,26,
1970,Final,,1970-06-21,Brasil,Italia,Pele,Brasil,18,
1970,Final,,1970-06-21,Brasil,Italia,Gerson,Brasil,66,
1970,Final,,1970-06-21,Brasil,Italia,Jairzinho,Brasil,71,
1970,Final,,1970-06-21,Brasil,Italia,Carlos Alberto,Brasil,86,
1970,Final,,1970-06-21,Brasil,Italia,Roberto Boninsegna,Italia,37,
1974,Primera Ronda,Grupo 1,1974-06-13,Alemania Democratica,Australia,Jürgen Sparwasser,Alemania Democratica,58,
1974,Primera Ronda,Grupo 1,1974-06-13,Alemania Democratica,Australia,Joachim Streich,Alemania Democratica,72,
1974,Primera Ronda,Grupo 1,1974-06-14,Alemania Federal,Chile,Paul Breitner,Alemania Federal,18,
1974,Primera Ronda,Grupo 1,1974-06-14,Alemania Federal,Chile,Gerd Muller,Alemania Federal,55,
1974,Primera Ronda,Grupo 1,1974-06-14,Alemania Federal,Chile,Martin Hoffmann,Alemania Federal,79,
1974,Primera Ronda,Grupo 1,1974-06-18,Alemania Federal,Australia,Wolfgang Overath,Alemania Federal,12,
1974,Primera Ronda,Grupo 1,1974-06-18,Alemania Federal,Australia,Bernd Cullmann,Alemania Federal,34,
1974,Primera Ronda,Grupo 1,1974-06-18,Alemania Federal,Australia,Gerd Muller,Alemania Federal,53,
1974,Primera Ronda,Grupo 2,1974-06-15,Brasil,Yugoslavia,Rivellino,Brasil,44,
1974,Primera Ronda,Grupo 2,1974-06-15,Escocia,Zaire,Peter Lorimer,Escocia,14,
1974,Primera Ronda,Grupo 2,1974-06-15,Escocia,Zaire,Joe Jordan,Escocia,34,
1974,Primera Ronda,Grupo 2,1974-06-18,Brasil,Escocia,Jairzinho,Brasil,18,
1974,Primera Ronda,Grupo 2,1974-06-18,Brasil,Escocia,Rivellino,Brasil,66,
1974,Primera Ronda,Grupo 2,1974-06-18,Brasil,Escocia,Billy Bremner,Escocia,30,
1974,Primera Ronda,Grupo 2,1974-06-18,Yugoslavia,Zaire,Dusan Bajevic,Yugoslavia,6,
1974,Primera Ronda,Grupo 2,1974-06-18,Yugoslavia,Zaire,Dusan Bajevic,Yugoslavia,30,
1974,Primera Ronda,Grupo 2,1974-06-18,Yugoslavia,Zaire,Dragan Dzajic,Yugoslavia,45,
1974,Primera Ronda,Grupo 3,1974-06-15,Holanda,Uruguay,Johnny Rep,Holanda,16,
1974,Primera Ronda,Grupo 3,1974-06-15,Holanda,Uruguay,Johan Cruyff,Holanda,88,
1974,Primera Ronda,Grupo 3,1974-06-15,Suecia,Bulgaria,Ralf Edstrom,Suecia,30,
1974,Primera Ronda,Grupo 3,1974-06-19,Holanda,Bulgaria,Johan Neeskens,Holanda,10,
1974,Primera Ronda,Grupo 3,1974-06-19,Holanda,Bulgaria,Johnny Rep,Holanda,50,
1974,Primera Ronda,Grupo 3,1974-06-19,Holanda,Bulgaria,Johan Cruyff,Holanda,70,
1974,Primera Ronda,Grupo 3,1974-06-19,Holanda,Bulgaria,Johan Neeskens,Holanda,75,
1974,Primera Ronda,Grupo 3,1974-06-19,Suecia,Uruguay,Ralf Edstrom,Suecia,46,
1974,Primera Ronda,Grupo 3,1974-06-19,Suecia,Uruguay,Ralf Edstrom,Suecia,55,
1974,Primera Ronda,Grupo 3,1974-06-19,Suecia,Uruguay,Rolf Sandberg,Suecia,65,
1974,Primera Ronda,Grupo 4,1974-06-15,Italia,Haiti,Gianni Rivera,Italia,52,
1974,Primera Ronda,Grupo 4,1974-06-15,Italia,Haiti,Romeo Benetti,Italia,66,
1974,Primera Ronda,Grupo 4,1974-06-15,Italia,Haiti,Pietro Anastasi,Italia,79,
1974,Primera Ronda,Grupo 4,1974-06-15,Italia,Haiti,Emmanuel Sanon,Haiti,46,
1974,Primera Ronda,Grupo 4,1974-06-15,Polonia,Argentina,Grzegorz Lato,Polonia,7,
1974,Primera Ronda,Grupo 4,1974-06-15,Polonia,Argentina,Andrzej Szarmach,Polonia,8,
1974,Primera Ronda,Grupo 4,1974-06-15,Polonia,Argentina,Andrzej Szarmach,Polonia,60,
1974,Primera Ronda,Grupo 4,1974-06-19,Polonia,Haiti,Grzegorz Lato,Polonia,15,
1974,Primera Ronda,Grupo 4,1974-06-19,Polonia,Haiti,Grzegorz Lato,Polonia,30,
1974,Primera Ronda,Grupo 4,1974-06-19,Polonia,Haiti,Andrzej Szarmach,Polonia,50,
1974,Segunda Ronda,Grupo A,1974-06-26,Holanda,Argentina,Johan Cruyff,Holanda,11,
1974,Segunda Ronda,Grupo A,1974-06-26,Holanda,Argentina,Johan Cruyff,Holanda,25,
1974,Segunda Ronda,Grupo A,1974-06-26,Holanda,Argentina,Ruud Krol,Holanda,46,
1974,Segunda Ronda,Grupo A,1974-06-26,Holanda,Argentina,Johnny Rep,Holanda,73,
1974,Segunda Ronda,Grupo A,1974-06-26,Brasil,Alemania Democratica,Rivellino,Brasil,59,
1974,Segunda Ronda,Grupo B,1974-06-26,Alemania Federal,Yugoslavia,Paul Breitner,Alemania Federal,38,
1974,Segunda Ronda,Grupo B,1974-06-26,Alemania Federal,Yugoslavia,Gerd Muller,Alemania Federal,82,
1974,Segunda Ronda,Grupo B,1974-06-26,Polonia,Suecia,Grzegorz Lato,Polonia,43,
1974,Segunda Ronda,Grupo B,1974-06-26,Polonia,Suecia,Andrzej Szarmach,Polonia,60,
1974,Tercer puesto,,1974-07-06,Polonia,Brasil,Grzegorz Lato,Polonia,76,
1974,Final,,1974-07-07,Alemania Federal,Holanda,Paul Breitner,Alemania Federal,25,penal
1974,Final,,1974-07-07,Alemania Federal,Holanda,Gerd Muller,Alemania Federal,43,
1974,Final,,1974-07-07,Alemania Federal,Holanda,Johan Neeskens,Holanda,2,penal
1978,Primera Ronda,Grupo 1,1978-06-02,Italia,Francia,Paolo Rossi,Italia,29,
1978,Primera Ronda,Grupo 1,1978-06-02,Italia,Francia,René Houseman,Italia,54,en contra
1978,Primera Ronda,Grupo 1,1978-06-02,Italia,Francia,Bernard Lacombe,Francia,1,
1978,Primera Ronda,Grupo 1,1978-06-02,Argentina,Hungria,Leopoldo Luque,Argentina,16,
1978,Primera Ronda,Grupo 1,1978-06-02,Argentina,Hungria,Daniel Bertoni,Argentina,83,
1978,Primera Ronda,Grupo 1,1978-06-02,Argentina,Hungria,Karoly Csapo,Hungria,9,
1978,Primera Ronda,Grupo 1,1978-06-06,Argentina,Francia,Daniel Passarella,Argentina,45,penal
1978,Primera Ronda,Grupo 1,1978-06-06,Argentina,Francia,Leopoldo Luque,Argentina,73,
1978,Primera Ronda,Grupo 1,1978-06-06,Argentina,Francia,Michel Platini,Francia,60,
1978,Primera Ronda,Grupo 1,1978-06-06,Italia,Hungria,Paolo Rossi,Italia,34,
1978,Primera Ronda,Grupo 1,1978-06-06,Italia,Hungria,Marco Tardelli,Italia,36,
1978,Primera Ronda,Grupo 1,1978-06-06,Italia,Hungria,Tibor Nyilasi,Hungria,26,
1978,Primera Ronda,Grupo 1,1978-06-10,Italia,Argentina,Roberto Bettega,Italia,67,
1978,Primera Ronda,Grupo 1,1978-06-10,Francia,Hungria,Bernard Lacombe,Francia,23,
1978,Primera Ronda,Grupo 1,1978-06-10,Francia,Hungria,Didier Six,Francia,70,
1978,Primera Ronda,Grupo 1,1978-06-10,Francia,Hungria,Laszlo Fazekas,Hungria,41,
1978,Primera Ronda,Grupo 2,1978-06-02,Tunez,Mexico,Ali Kaabi,Tunez,55,
1978,Primera Ronda,Grupo 2,1978-06-02,Tunez,Mexico,Nejib Ghommidh,Tunez,79,
1978,Primera Ronda,Grupo 2,1978-06-02,Tunez,Mexico,Mokhtar Dhouib,Tunez,87,
1978,Primera Ronda,Grupo 2,1978-06-02,Tunez,Mexico,Arturo Vasquez Ayala,Mexico,45,
1978,Primera Ronda,Grupo 2,1978-06-06,Alemania Federal,Mexico,Gerd Muller,Alemania Federal,15,
1978,Primera Ronda,Grupo 2,1978-06-06,Alemania Federal,Mexico,Gerd Muller,Alemania Federal,60,
1978,Primera Ronda,Grupo 2,1978-06-06,Alemania Federal,Mexico,Karl-Heinz Rummenigge,Alemania Federal,38,
1978,Primera Ronda,Grupo 2,1978-06-06,Alemania Federal,Mexico,Hansi Muller,Alemania Federal,89,
1978,Primera Ronda,Grupo 2,1978-06-06,Alemania Federal,Mexico,Arturo Vasquez Ayala,Mexico,70,
1978,Primera Ronda,Grupo 2,1978-06-10,Polonia,Mexico,Grzegorz Lato,Polonia,15,
1978,Primera Ronda,Grupo 2,1978-06-10,Polonia,Mexico,Zbigniew Boniek,Polonia,40,
1978,Primera Ronda,Grupo 2,1978-06-10,Polonia,Mexico,Andrzej Szarmach,Polonia,60,
1978,Primera Ronda,Grupo 2,1978-06-10,Polonia,Mexico,Victor Rangel,Mexico,80,
1978,Primera Ronda,Grupo 4,1978-06-03,Paises Bajos,Iran,Rob Rensenbrink,Paises Bajos,40,
1978,Primera Ronda,Grupo 4,1978-06-03,Paises Bajos,Iran,Rob Rensenbrink,Paises Bajos,62,
1978,Primera Ronda,Grupo 4,1978-06-03,Paises Bajos,Iran,Johnny Rep,Paises Bajos,70,
1978,Primera Ronda,Grupo 4,1978-06-03,Peru,Escocia,Teofilo Cubillas,Peru,14,
1978,Primera Ronda,Grupo 4,1978-06-03,Peru,Escocia,Teofilo Cubillas,Peru,34,
1978,Primera Ronda,Grupo 4,1978-06-03,Peru,Escocia,Teofilo Cubillas,Peru,70,
1978,Primera Ronda,Grupo 4,1978-06-03,Peru,Escocia,Joe Jordan,Escocia,19,
1978,Primera Ronda,Grupo 4,1978-06-07,Escocia,Iran,Iraj Danaeifard,Iran,60,
1978,Primera Ronda,Grupo 4,1978-06-07,Escocia,Iran,Andranik Eskandarian,Escocia,43,en contra
1978,Primera Ronda,Grupo 4,1978-06-11,Escocia,Paises Bajos,Kenny Dalglish,Escocia,35,
1978,Primera Ronda,Grupo 4,1978-06-11,Escocia,Paises Bajos,Archie Gemmill,Escocia,68,
1978,Primera Ronda,Grupo 4,1978-06-11,Escocia,Paises Bajos,Johnny Rep,Paises Bajos,45,
1978,Primera Ronda,Grupo 4,1978-06-11,Escocia,Paises Bajos,Rob Rensenbrink,Paises Bajos,71,
1978,Segunda Ronda,Grupo A,1978-06-14,Paises Bajos,Austria,Johnny Rep,Paises Bajos,11,
1978,Segunda Ronda,Grupo A,1978-06-14,Paises Bajos,Austria,Johnny Rep,Paises Bajos,27,
1978,Segunda Ronda,Grupo A,1978-06-14,Paises Bajos,Austria,Johnny Rep,Paises Bajos,58,
1978,Segunda Ronda,Grupo A,1978-06-14,Paises Bajos,Austria,Rob Rensenbrink,Paises Bajos,60,
1978,Segunda Ronda,Grupo A,1978-06-14,Paises Bajos,Austria,Erich Obermayer,Austria,20,
1978,Segunda Ronda,Grupo A,1978-06-18,Italia,Austria,Paolo Rossi,Italia,15,
1978,Segunda Ronda,Grupo A,1978-06-18,Alemania Federal,Paises Bajos,Rene van de Kerkhof,Paises Bajos,10,
1978,Segunda Ronda,Grupo A,1978-06-18,Alemania Federal,Paises Bajos,Willy van de Kerkhof,Paises Bajos,30,
1978,Segunda Ronda,Grupo A,1978-06-18,Alemania Federal,Paises Bajos,Dieter Muller,Alemania Federal,5,
1978,Segunda Ronda,Grupo A,1978-06-18,Alemania Federal,Paises Bajos,Karl-Heinz Rummenigge,Alemania Federal,50,
1978,Segunda Ronda,Grupo B,1978-06-14,Brasil,Peru,Dirceu,Brasil,15,
1978,Segunda Ronda,Grupo B,1978-06-14,Brasil,Peru,Dirceu,Brasil,30,
1978,Segunda Ronda,Grupo B,1978-06-14,Brasil,Peru,Zico,Brasil,50,
1978,Segunda Ronda,Grupo B,1978-06-14,Argentina,Polonia,Mario Kempes,Argentina,16,
1978,Segunda Ronda,Grupo B,1978-06-14,Argentina,Polonia,Mario Kempes,Argentina,55,
1978,Segunda Ronda,Grupo B,1978-06-18,Polonia,Peru,Andrzej Szarmach,Polonia,15,
1978,Segunda Ronda,Grupo B,1978-06-18,Argentina,Peru,Mario Kempes,Argentina,21,
1978,Segunda Ronda,Grupo B,1978-06-18,Argentina,Peru,Mario Kempes,Argentina,49,
1978,Segunda Ronda,Grupo B,1978-06-18,Argentina,Peru,Leopoldo Luque,Argentina,67,
1978,Segunda Ronda,Grupo B,1978-06-18,Argentina,Peru,Leopoldo Luque,Argentina,72,
1978,Segunda Ronda,Grupo B,1978-06-18,Argentina,Peru,Oscar Ortiz,Argentina,78,
1978,Segunda Ronda,Grupo B,1978-06-18,Argentina,Peru,Rene Houseman,Argentina,88,
1978,Tercer puesto,,1978-06-24,Brasil,Italia,Nelinho,Brasil,64,
1978,Tercer puesto,,1978-06-24,Brasil,Italia,Dirceu,Brasil,72,
1978,Tercer puesto,,1978-06-24,Brasil,Italia,Franco Causio,Italia,38,
1978,Final,,1978-06-25,Argentina,Paises Bajos,Mario Kempes,Argentina,38,
1978,Final,,1978-06-25,Argentina,Paises Bajos,Dick Nanninga,Paises Bajos,82,
1978,Final,,1978-06-25,Argentina,Paises Bajos,Mario Kempes,Argentina,105,
1978,Final,,1978-06-25,Argentina,Paises Bajos,Daniel Bertoni,Argentina,116,