anio_mundial,grupo,nom_pais_local,nom_pais_visita,fecha,fase,goles_local,goles_visita,tiempo_extra,penales,num_partido
1930,Grupo 1,Francia,México,1930-07-13,1ra ronda,4,1,0,0,1
1930,Grupo 4,Estados Unidos,Bélgica,1930-07-13,1ra ronda,3,0,0,0,2
1930,Grupo 3,Rumania,Perú,1930-07-14,1ra ronda,3,1,0,0,3
1930,Grupo 2,Yugoslavia,Brasil,1930-07-14,1ra ronda,2,1,0,0,4
1930,Grupo 1,Argentina,Francia,1930-07-15,1ra ronda,1,0,0,0,5
1930,Grupo 1,Chile,México,1930-07-16,1ra ronda,3,0,0,0,6
1930,Grupo 2,Yugoslavia,Bolivia,1930-07-17,1ra ronda,4,0,0,0,7
1930,Grupo 4,Estados Unidos,Paraguay,1930-07-17,1ra ronda,3,0,0,0,8
1930,Grupo 3,Uruguay,Perú,1930-07-18,1ra ronda,1,0,0,0,9
1930,Grupo 1,Argentina,México,1930-07-19,1ra ronda,6,3,0,0,10
1930,Grupo 1,Chile,Francia,1930-07-19,1ra ronda,1,0,0,0,11
1930,Grupo 4,Paraguay,Bélgica,1930-07-20,1ra ronda,1,0,0,0,12
1930,Grupo 2,Brasil,Bolivia,1930-07-20,1ra ronda,4,0,0,0,13
1930,Grupo 3,Uruguay,Rumania,1930-07-21,1ra ronda,4,0,0,0,14
1930,Grupo 1,Argentina,Chile,1930-07-22,1ra ronda,3,1,0,0,15
1930,,Argentina,Estados Unidos,1930-07-26,semis,6,1,0,0,16
1930,,Uruguay,Yugoslavia,1930-07-27,semis,6,1,0,0,17
1930,,Argentina,Uruguay,1930-07-30,final,2,4,0,0,18
1934,,Alemania,Bélgica,1934-05-27,octavos,5,2,0,0,1
1934,,Suecia,Argentina,1934-05-27,octavos,3,2,0,0,2
1934,,Italia,Estados Unidos,1934-05-27,octavos,7,1,0,0,3
1934,,Hungría,Egipto,1934-05-27,octavos,4,2,0,0,4
1934,,España,Brasil,1934-05-27,octavos,3,1,0,0,5
1934,,Checoslovaquia,Rumania,1934-05-27,octavos,2,1,0,0,6
1934,,Suiza,Paises Bajos,1934-05-27,octavos,3,2,0,0,7
1934,,Austria,Francia,1934-05-27,octavos,3,2,1,0,8
1934,,Checoslovaquia,Suiza,1934-05-31,cuartos,3,2,0,0,9
1934,,Austria,Hungría,1934-05-31,cuartos,2,1,0,0,10
1934,,Alemania,Suecia,1934-05-31,cuartos,2,1,0,0,11
1934,,Italia,España,1934-05-31,cuartos,1,1,1,0,12
1934,,Italia,España,1934-06-01,cuartos,1,0,0,0,13
1934,,Checoslovaquia,Alemania,1934-06-03,semis,3,1,0,0,14
1934,,Italia,Austria,1934-06-03,semis,1,0,0,0,15
1934,,Austria,Alemania,1934-06-07,3er puesto,2,3,0,0,16
1934,,Italia,Checoslovaquia,1934-06-10,final,2,1,1,0,17
1938,,Suiza,Alemania,1938-06-04,octavos,1,1,1,0,1
1938,,Francia,Bélgica,1938-06-05,octavos,3,1,0,0,2
1938,,Italia,Noruega,1938-06-05,octavos,2,1,1,0,3
1938,,Brasil,Polonia,1938-06-05,octavos,6,5,1,0,4
1938,,Hungría,Indias Orientales Holand.,1938-06-05,octavos,6,0,0,0,5
1938,,Checoslovaquia,Paises Bajos,1938-06-05,octavos,3,0,1,0,6
1938,,Cuba,Rumania,1938-06-05,octavos,3,3,1,0,7
1938,,Suiza,Alemania,1938-06-09,octavos,4,2,0,0,8
1938,,Cuba,Rumania,1938-06-09,octavos,2,1,0,0,9
1938,,Cuba,Suecia,1938-06-12,cuartos,0,8,0,0,10
1938,,Italia,Francia,1938-06-12,cuartos,3,1,0,0,11
1938,,Hungría,Suiza,1938-06-12,cuartos,2,0,0,0,12
1938,,Brasil,Checoslovaquia,1938-06-12,cuartos,1,1,1,0,13
1938,,Brasil,Checoslovaquia,1938-06-14,cuartos,2,1,0,0,14
1938,,Hungría,Suecia,1938-06-16,semis,5,1,0,0,15
1938,,Brasil,Italia,1938-06-16,semis,1,2,0,0,16
1938,,Brasil,Suecia,1938-06-19,3er puesto,4,2,0,0,17
1938,,Italia,Hungría,1938-06-19,final,4,2,0,0,18
1950,Grupo 1,Brasil,México,1950-06-24,1ra ronda,4,0,0,0,1
1950,Grupo 3,Suecia,Italia,1950-06-25,1ra ronda,3,2,0,0,2
1950,Grupo 1,Yugoslavia,Suiza,1950-06-25,1ra ronda,3,0,0,0,3
1950,Grupo 2,Inglaterra,Chile,1950-06-25,1ra ronda,2,0,0,0,4
1950,Grupo 2,España,Estados Unidos,1950-06-25,1ra ronda,3,1,0,0,5
1950,Grupo 1,Yugoslavia,México,1950-06-28,1ra ronda,4,1,0,0,6
1950,Grupo 1,Brasil,Suiza,1950-06-28,1ra ronda,2,2,0,0,7
1950,Grupo 3,Suecia,Paraguay,1950-06-29,1ra ronda,2,2,0,0,8
1950,Grupo 2,Estados Unidos,Inglaterra,1950-06-29,1ra ronda,1,0,0,0,9
1950,Grupo 2,España,Chile,1950-06-29,1ra ronda,2,0,0,0,10
1950,Grupo 1,Brasil,Yugoslavia,1950-07-01,1ra ronda,2,0,0,0,11
1950,Grupo 4,Uruguay,Bolivia,1950-07-02,1ra ronda,8,0,0,0,12
1950,Grupo 1,Suiza,México,1950-07-02,1ra ronda,2,1,0,0,13
1950,Grupo 2,España,Inglaterra,1950-07-02,1ra ronda,1,0,0,0,14
1950,Grupo 2,Chile,Estados Unidos,1950-07-02,1ra ronda,5,2,0,0,15
1950,Grupo 3,Italia,Paraguay,1950-07-02,1ra ronda,2,0,0,0,16
1950,,Brasil,Suecia,1950-07-09,ronda final,7,1,0,0,17
1950,,Uruguay,España,1950-07-09,ronda final,2,2,0,0,18
1950,,Uruguay,Suecia,1950-07-13,ronda final,3,2,0,0,19
1950,,Brasil,España,1950-07-13,ronda final,6,1,0,0,20
1950,,Suecia,España,1950-07-16,ronda final,3,1,0,0,21
1950,,Uruguay,Brasil,1950-07-16,ronda final,2,1,0,0,22
1954,Grupo 1,Yugoslavia,Francia,1954-06-16,1ra ronda,1,0,0,0,1
1954,Grupo 3,Austria,Escocia,1954-06-16,1ra ronda,1,0,0,0,2
1954,Grupo 3,Uruguay,Checoslovaquia,1954-06-16,1ra ronda,2,0,0,0,3
1954,Grupo 1,Brasil,México,1954-06-16,1ra ronda,5,0,0,0,4
1954,Grupo 2,Hungría,Corea del Sur,1954-06-17,1ra ronda,9,0,0,0,5
1954,Grupo 4,Inglaterra,Bélgica,1954-06-17,1ra ronda,4,4,1,0,6
1954,Grupo 2,Alemania Occidental,Turquía,1954-06-17,1ra ronda,4,1,0,0,7
1954,Grupo 4,Suiza,Italia,1954-06-17,1ra ronda,2,1,0,0,8
1954,Grupo 1,Francia,México,1954-06-19,1ra ronda,3,2,0,0,9
1954,Grupo 1,Brasil,Yugoslavia,1954-06-19,1ra ronda,1,1,1,0,10
1954,Grupo 3,Austria,Checoslovaquia,1954-06-19,1ra ronda,5,0,0,0,11
1954,Grupo 3,Uruguay,Escocia,1954-06-19,1ra ronda,7,0,0,0,12
1954,Grupo 2,Hungría,Alemania Occidental,1954-06-20,1ra ronda,8,3,0,0,13
1954,Grupo 2,Turquía,Corea del Sur,1954-06-20,1ra ronda,7,0,0,0,14
1954,Grupo 4,Inglaterra,Suiza,1954-06-20,1ra ronda,2,0,0,0,15
1954,Grupo 4,Italia,Bélgica,1954-06-20,1ra ronda,4,1,0,0,16
1954,Grupo 4,Suiza,Italia,1954-06-23,1ra ronda,4,1,0,0,17
1954,Grupo 2,Alemania Occidental,Turquía,1954-06-23,1ra ronda,7,2,0,0,18
1954,,Uruguay,Inglaterra,1954-06-26,cuartos,4,2,0,0,19
1954,,Austria,Suiza,1954-06-26,cuartos,7,5,0,0,20
1954,,Hungría,Brasil,1954-06-27,cuartos,4,2,0,0,21
1954,,Alemania Occidental,Yugoslavia,1954-06-27,cuartos,2,0,0,0,22
1954,,Hungría,Uruguay,1954-06-30,semis,4,2,1,0,23
1954,,Alemania Occidental,Austria,1954-06-30,semis,6,1,0,0,24
1954,,Uruguay,Austria,1954-07-03,3er puesto,1,3,0,0,25
1954,,Hungría,Alemania Occidental,1954-07-04,final,2,3,0,0,26
1958,Grupo 3,Hungría,Gales,1958-06-08,1ra ronda,1,1,0,0,1
1958,Grupo 1,Irlanda del Norte,Checoslovaquia,1958-06-08,1ra ronda,1,0,0,0,2
1958,Grupo 4,Brasil,Austria,1958-06-08,1ra ronda,3,0,0,0,3
1958,Grupo 2,Francia,Paraguay,1958-06-08,1ra ronda,7,3,0,0,4
1958,Grupo 1,Argentina,Alemania Occidental,1958-06-08,1ra ronda,1,3,0,0,5
1958,Grupo 4,URSS,Inglaterra,1958-06-08,1ra ronda,2,2,0,0,6
1958,Grupo 2,Yugoslavia,Escocia,1958-06-08,1ra ronda,1,1,0,0,7
1958,Grupo 3,Suecia,México,1958-06-08,1ra ronda,3,0,0,0,8
1958,Grupo 2,Yugoslavia,Francia,1958-06-11,1ra ronda,3,2,0,0,9
1958,Grupo 2,Paraguay,Escocia,1958-06-11,1ra ronda,3,2,0,0,10
1958,Grupo 3,México,Gales,1958-06-11,1ra ronda,1,1,0,0,11
1958,Grupo 1,Alemania Occidental,Checoslovaquia,1958-06-11,1ra ronda,2,2,0,0,12
1958,Grupo 4,URSS,Austria,1958-06-11,1ra ronda,2,0,0,0,13
1958,Grupo 1,Argentina,Irlanda del Norte,1958-06-11,1ra ronda,3,1,0,0,14
1958,Grupo 4,Brasil,Inglaterra,1958-06-11,1ra ronda,0,0,0,0,15
1958,Grupo 3,Suecia,Hungría,1958-06-12,1ra ronda,2,1,0,0,16
1958,Grupo 2,Francia,Escocia,1958-06-15,1ra ronda,2,1,0,0,17
1958,Grupo 3,Suecia,Gales,1958-06-15,1ra ronda,0,0,0,0,18
1958,Grupo 1,Alemania Occidental,Irlanda del Norte,1958-06-15,1ra ronda,2,2,0,0,19
1958,Grupo 2,Paraguay,Yugoslavia,1958-06-15,1ra ronda,3,3,0,0,20
1958,Grupo 4,Brasil,URSS,1958-06-15,1ra ronda,2,0,0,0,21
1958,Grupo 4,Inglaterra,Austria,1958-06-15,1ra ronda,2,2,0,0,22
1958,Grupo 3,Hungría,México,1958-06-15,1ra ronda,4,0,0,0,23
1958,Grupo 1,Checoslovaquia,Argentina,1958-06-15,1ra ronda,6,1,0,0,24
1958,Grupo 1,Irlanda del Norte,Checoslovaquia,1958-06-17,1ra ronda,2,1,1,0,25
1958,Grupo 3,Gales,Hungría,1958-06-17,1ra ronda,2,1,0,0,26
1958,Grupo 4,URSS,Inglaterra,1958-06-17,1ra ronda,1,0,0,0,27
1958,,Francia,Irlanda del Norte,1958-06-19,cuartos,4,0,0,0,28
1958,,Alemania Occidental,Yugoslavia,1958-06-19,cuartos,1,0,0,0,29
1958,,Brasil,Gales,1958-06-19,cuartos,1,0,0,0,30
1958,,Suecia,URSS,1958-06-19,cuartos,2,0,0,0,31
1958,,Alemania Occidental,Suecia,1958-06-24,semis,1,3,0,0,32
1958,,Francia,Brasil,1958-06-24,semis,2,5,0,0,33
1958,,Alemania Occidental,Francia,1958-06-28,3er puesto,3,6,0,0,34
1958,,Suecia,Brasil,1958-06-29,final,2,5,0,0,35
1962,Grupo 1,Uruguay,Colombia,1962-05-30,1ra ronda,2,1,0,0,1
1962,Grupo 3,Brasil,México,1962-05-30,1ra ronda,2,0,0,0,2
1962,Grupo 2,Chile,Suiza,1962-05-30,1ra ronda,3,1,0,0,3
1962,Grupo 4,Argentina,Bulgaria,1962-05-30,1ra ronda,1,0,0,0,4
1962,Grupo 3,Checoslovaquia,España,1962-05-31,1ra ronda,1,0,0,0,5
1962,Grupo 1,URSS,Yugoslavia,1962-05-31,1ra ronda,2,0,0,0,6
1962,Grupo 4,Hungría,Inglaterra,1962-05-31,1ra ronda,2,1,0,0,7
1962,Grupo 2,Alemania Occidental,Italia,1962-05-31,1ra ronda,0,0,0,0,8
1962,Grupo 2,Chile,Italia,1962-06-02,1ra ronda,2,0,0,0,9
1962,Grupo 3,Brasil,Checoslovaquia,1962-06-02,1ra ronda,0,0,0,0,10
1962,Grupo 1,Yugoslavia,Uruguay,1962-06-02,1ra ronda,3,1,0,0,11
1962,Grupo 4,Inglaterra,Argentina,1962-06-02,1ra ronda,3,1,0,0,12
1962,Grupo 4,Hungría,Bulgaria,1962-06-03,1ra ronda,6,1,0,0,13
1962,Grupo 1,URSS,Colombia,1962-06-03,1ra ronda,4,4,0,0,14
1962,Grupo 3,España,México,1962-06-03,1ra ronda,1,0,0,0,15
1962,Grupo 2,Alemania Occidental,Suiza,1962-06-03,1ra ronda,2,1,0,0,16
1962,Grupo 2,Alemania Occidental,Chile,1962-06-06,1ra ronda,2,0,0,0,17
1962,Grupo 4,Hungría,Argentina,1962-06-06,1ra ronda,0,0,0,0,18
1962,Grupo 1,URSS,Uruguay,1962-06-06,1ra ronda,2,1,0,0,19
1962,Grupo 3,Brasil,España,1962-06-06,1ra ronda,2,1,0,0,20
1962,Grupo 1,Yugoslavia,Colombia,1962-06-07,1ra ronda,5,0,0,0,21
1962,Grupo 3,México,Checoslovaquia,1962-06-07,1ra ronda,3,1,0,0,22
1962,Grupo 2,Italia,Suiza,1962-06-07,1ra ronda,3,0,0,0,23
1962,Grupo 4,Inglaterra,Bulgaria,1962-06-07,1ra ronda,0,0,0,0,24
1962,,Brasil,Inglaterra,1962-06-10,cuartos,3,1,0,0,25
1962,,Checoslovaquia,Hungría,1962-06-10,cuartos,1,0,0,0,26
1962,,Yugoslavia,Alemania Occidental,1962-06-10,cuartos,1,0,0,0,27
1962,,Chile,URSS,1962-06-10,cuartos,2,1,0,0,28
1962,,Yugoslavia,Checoslovaquia,1962-06-13,semis,1,3,0,0,29
1962,,Chile,Brasil,1962-06-13,semis,2,4,0,0,30
1962,,Chile,Yugoslavia,1962-06-16,3er puesto,1,0,0,0,31
1962,,Brasil,Checoslovaquia,1962-06-17,final,3,1,0,0,32
1966,Grupo 1,Inglaterra,Uruguay,1966-07-11,1ra ronda,0,0,0,0,1
1966,Grupo 2,Alemania Occidental,Suiza,1966-07-12,1ra ronda,5,0,0,0,2
1966,Grupo 4,URSS,Corea del Norte,1966-07-12,1ra ronda,3,0,0,0,3
1966,Grupo 3,Brasil,Bulgaria,1966-07-12,1ra ronda,2,0,0,0,4
1966,Grupo 1,Francia,México,1966-07-13,1ra ronda,1,1,0,0,5
1966,Grupo 4,Italia,Chile,1966-07-13,1ra ronda,2,0,0,0,6
1966,Grupo 3,Portugal,Hungría,1966-07-13,1ra ronda,3,1,0,0,7
1966,Grupo 2,Argentina,España,1966-07-13,1ra ronda,2,1,0,0,8
1966,Grupo 1,Uruguay,Francia,1966-07-15,1ra ronda,2,1,0,0,9
1966,Grupo 3,Hungría,Brasil,1966-07-15,1ra ronda,3,1,0,0,10
1966,Grupo 2,España,Suiza,1966-07-15,1ra ronda,2,1,0,0,11
1966,Grupo 4,Corea del Norte,Chile,1966-07-15,1ra ronda,1,1,0,0,12
1966,Grupo 3,Portugal,Bulgaria,1966-07-16,1ra ronda,3,0,0,0,13
1966,Grupo 2,Alemania Occidental,Argentina,1966-07-16,1ra ronda,0,0,0,0,14
1966,Grupo 4,URSS,Italia,1966-07-16,1ra ronda,1,0,0,0,15
1966,Grupo 1,Inglaterra,México,1966-07-16,1ra ronda,2,0,0,0,16
1966,Grupo 3,Portugal,Brasil,1966-07-19,1ra ronda,3,1,0,0,17
1966,Grupo 1,Uruguay,México,1966-07-19,1ra ronda,0,0,0,0,18
1966,Grupo 2,Argentina,Suiza,1966-07-19,1ra ronda,2,0,0,0,19
1966,Grupo 4,Corea del Norte,Italia,1966-07-19,1ra ronda,1,0,0,0,20
1966,Grupo 1,Inglaterra,Francia,1966-07-20,1ra ronda,2,0,0,0,21
1966,Grupo 2,Alemania Occidental,España,1966-07-20,1ra ronda,2,1,0,0,22
1966,Grupo 4,URSS,Chile,1966-07-20,1ra ronda,2,1,0,0,23
1966,Grupo 3,Hungría,Bulgaria,1966-07-20,1ra ronda,3,1,0,0,24
1966,,Portugal,Corea del Norte,1966-07-23,cuartos,5,3,0,0,25
1966,,Inglaterra,Argentina,1966-07-23,cuartos,1,0,0,0,26
1966,,Alemania Occidental,Uruguay,1966-07-23,cuartos,4,0,0,0,27
1966,,URSS,Hungría,1966-07-23,cuartos,2,1,0,0,28
1966,,Alemania Occidental,URSS,1966-07-25,semis,2,1,0,0,29
1966,,Inglaterra,Portugal,1966-07-26,semis,2,1,0,0,30
1966,,Portugal,URSS,1966-07-28,3er puesto,2,1,0,0,31
1966,,Inglaterra,Alemania Occidental,1966-07-30,final,4,2,1,0,32
1970,Grupo 1,México,URSS,1970-05-31,1ra ronda,0,0,0,0,1
1970,Grupo 3,Inglaterra,Rumania,1970-06-02,1ra ronda,1,0,0,0,2
1970,Grupo 2,Uruguay,Israel,1970-06-02,1ra ronda,2,0,0,0,3
1970,Grupo 4,Perú,Bulgaria,1970-06-02,1ra ronda,3,2,0,0,4
1970,Grupo 2,Italia,Suecia,1970-06-03,1ra ronda,1,0,0,0,5
1970,Grupo 4,Alemania Occidental,Marruecos,1970-06-03,1ra ronda,2,1,0,0,6
1970,Grupo 1,Bélgica,El Salvador,1970-06-03,1ra ronda,3,0,0,0,7
1970,Grupo 3,Brasil,Checoslovaquia,1970-06-03,1ra ronda,4,1,0,0,8
1970,Grupo 4,Perú,Marruecos,1970-06-06,1ra ronda,3,0,0,0,9
1970,Grupo 3,Rumania,Checoslovaquia,1970-06-06,1ra ronda,2,1,0,0,10
1970,Grupo 1,URSS,Bélgica,1970-06-06,1ra ronda,4,1,0,0,11
1970,Grupo 2,Uruguay,Italia,1970-06-06,1ra ronda,0,0,0,0,12
1970,Grupo 2,Suecia,Israel,1970-06-07,1ra ronda,1,1,0,0,13
1970,Grupo 1,México,El Salvador,1970-06-07,1ra ronda,4,0,0,0,14
1970,Grupo 4,Alemania Occidental,Bulgaria,1970-06-07,1ra ronda,5,2,0,0,15
1970,Grupo 3,Brasil,Inglaterra,1970-06-07,1ra ronda,1,0,0,0,16
1970,Grupo 1,URSS,El Salvador,1970-06-10,1ra ronda,2,0,0,0,17
1970,Grupo 2,Suecia,Uruguay,1970-06-10,1ra ronda,1,0,0,0,18
1970,Grupo 4,Alemania Occidental,Perú,1970-06-10,1ra ronda,3,1,0,0,19
1970,Grupo 3,Brasil,Rumania,1970-06-10,1ra ronda,3,2,0,0,20
1970,Grupo 4,Bulgaria,Marruecos,1970-06-11,1ra ronda,1,1,0,0,21
1970,Grupo 3,Inglaterra,Checoslovaquia,1970-06-11,1ra ronda,1,0,0,0,22
1970,Grupo 1,México,Bélgica,1970-06-11,1ra ronda,1,0,0,0,23
1970,Grupo 2,Italia,Israel,1970-06-11,1ra ronda,0,0,0,0,24
1970,,Alemania Occidental,Inglaterra,1970-06-14,cuartos,3,2,1,0,25
1970,,Italia,México,1970-06-14,cuartos,4,1,0,0,26
1970,,Uruguay,URSS,1970-06-14,cuartos,1,0,1,0,27
1970,,Brasil,Perú,1970-06-14,cuartos,4,2,0,0,28
1970,,Uruguay,Brasil,1970-06-17,semis,1,3,0,0,29
1970,,Italia,Alemania Occidental,1970-06-17,semis,4,3,1,0,30
1970,,Uruguay,Alemania Occidental,1970-06-20,3er puesto,0,1,0,0,31
1970,,Brasil,Italia,1970-06-21,final,4,1,0,0,32
1974,Grupo 2,Brasil,Yugoslavia,1974-06-13,1ra ronda,0,0,0,0,1
1974,Grupo 1,Alemania Occidental,Chile,1974-06-14,1ra ronda,1,0,0,0,2
1974,Grupo 1,Alemania Oriental,Australia,1974-06-14,1ra ronda,2,0,0,0,3
1974,Grupo 2,Zaire,Escocia,1974-06-14,1ra ronda,0,2,0,0,4
1974,Grupo 3,Suecia,Bulgaria,1974-06-15,1ra ronda,0,0,0,0,5
1974,Grupo 4,Polonia,Argentina,1974-06-15,1ra ronda,3,2,0,0,6
1974,Grupo 4,Italia,Haití,1974-06-15,1ra ronda,3,1,0,0,7
1974,Grupo 3,Uruguay,Paises Bajos,1974-06-15,1ra ronda,0,2,0,0,8
1974,Grupo 2,Escocia,Brasil,1974-06-18,1ra ronda,0,0,0,0,9
1974,Grupo 1,Australia,Alemania Occidental,1974-06-18,1ra ronda,0,3,0,0,10
1974,Grupo 2,Yugoslavia,Zaire,1974-06-18,1ra ronda,9,0,0,0,11
1974,Grupo 1,Chile,Alemania Oriental,1974-06-18,1ra ronda,1,1,0,0,12
1974,Grupo 3,Paises Bajos,Suecia,1974-06-19,1ra ronda,0,0,0,0,13
1974,Grupo 4,Argentina,Italia,1974-06-19,1ra ronda,1,1,0,0,14
1974,Grupo 4,Haití,Polonia,1974-06-19,1ra ronda,0,7,0,0,15
1974,Grupo 3,Bulgaria,Uruguay,1974-06-19,1ra ronda,1,1,0,0,16
1974,Grupo 2,Zaire,Brasil,1974-06-22,1ra ronda,0,3,0,0,17
1974,Grupo 1,Alemania Oriental,Alemania Occidental,1974-06-22,1ra ronda,1,0,0,0,18
1974,Grupo 1,Australia,Chile,1974-06-22,1ra ronda,0,0,0,0,19
1974,Grupo 2,Escocia,Yugoslavia,1974-06-22,1ra ronda,1,1,0,0,20
1974,Grupo 4,Polonia,Italia,1974-06-23,1ra ronda,2,1,0,0,21
1974,Grupo 4,Argentina,Haití,1974-06-23,1ra ronda,4,1,0,0,22
1974,Grupo 3,Bulgaria,Paises Bajos,1974-06-23,1ra ronda,1,4,0,0,23
1974,Grupo 3,Suecia,Uruguay,1974-06-23,1ra ronda,3,0,0,0,24
1974,Grupo B,Suecia,Polonia,1974-06-26,2da ronda,0,1,0,0,25
1974,Grupo B,Yugoslavia,Alemania Occidental,1974-06-26,2da ronda,0,2,0,0,26
1974,Grupo A,Paises Bajos,Argentina,1974-06-26,2da ronda,4,0,0,0,27
1974,Grupo A,Brasil,Alemania Oriental,1974-06-26,2da ronda,1,0,0,0,28
1974,Grupo A,Alemania Oriental,Paises Bajos,1974-06-30,2da ronda,0,2,0,0,29
1974,Grupo A,Argentina,Brasil,1974-06-30,2da ronda,1,2,0,0,30
1974,Grupo B,Polonia,Yugoslavia,1974-06-30,2da ronda,2,1,0,0,31
1974,Grupo B,Alemania Occidental,Suecia,1974-06-30,2da ronda,4,2,0,0,32
1974,Grupo B,Suecia,Yugoslavia,1974-07-03,2da ronda,2,1,0,0,33
1974,Grupo A,Argentina,Alemania Oriental,1974-07-03,2da ronda,1,1,0,0,34
1974,Grupo B,Polonia,Alemania Occidental,1974-07-03,2da ronda,0,1,0,0,35
1974,Grupo A,Paises Bajos,Brasil,1974-07-03,2da ronda,2,0,0,0,36
1974,,Brasil,Polonia,1974-07-06,3er puesto,0,1,0,0,37
1974,,Paises Bajos,Alemania Occidental,1974-07-07,final,1,2,0,0,38
1978,Grupo 2,Alemania Occidental,Polonia,1978-06-01,1ra ronda,0,0,0,0,1
1978,Grupo 2,Túnez,México,1978-06-02,1ra ronda,3,1,0,0,2
1978,Grupo 1,Italia,Francia,1978-06-02,1ra ronda,2,1,0,0,3
1978,Grupo 1,Argentina,Hungría,1978-06-02,1ra ronda,2,1,0,0,4
1978,Grupo 4,Paises Bajos,Irán,1978-06-03,1ra ronda,3,0,0,0,5
1978,Grupo 3,Austria,España,1978-06-03,1ra ronda,2,1,0,0,6
1978,Grupo 4,Perú,Escocia,1978-06-03,1ra ronda,3,1,0,0,7
1978,Grupo 3,Suecia,Brasil,1978-06-03,1ra ronda,1,1,0,0,8
1978,Grupo 2,Alemania Occidental,México,1978-06-06,1ra ronda,6,0,0,0,9
1978,Grupo 1,Argentina,Francia,1978-06-06,1ra ronda,2,1,0,0,10
1978,Grupo 2,Polonia,Túnez,1978-06-06,1ra ronda,1,0,0,0,11
1978,Grupo 1,Italia,Hungría,1978-06-06,1ra ronda,3,1,0,0,12
1978,Grupo 4,Paises Bajos,Perú,1978-06-07,1ra ronda,0,0,0,0,13
1978,Grupo 3,Brasil,España,1978-06-07,1ra ronda,0,0,0,0,14
1978,Grupo 4,Escocia,Irán,1978-06-07,1ra ronda,1,1,0,0,15
1978,Grupo 3,Austria,Suecia,1978-06-07,1ra ronda,1,0,0,0,16
1978,Grupo 1,Italia,Argentina,1978-06-10,1ra ronda,1,0,0,0,17
1978,Grupo 2,Alemania Occidental,Túnez,1978-06-10,1ra ronda,0,0,0,0,18
1978,Grupo 1,Francia,Hungría,1978-06-10,1ra ronda,3,1,0,0,19
1978,Grupo 2,Polonia,México,1978-06-10,1ra ronda,3,1,0,0,20
1978,Grupo 4,Perú,Irán,1978-06-11,1ra ronda,4,1,0,0,21
1978,Grupo 3,España,Suecia,1978-06-11,1ra ronda,1,0,0,0,22
1978,Grupo 4,Escocia,Paises Bajos,1978-06-11,1ra ronda,3,2,0,0,23
1978,Grupo 3,Brasil,Austria,1978-06-11,1ra ronda,1,0,0,0,24
1978,Grupo A,Paises Bajos,Austria,1978-06-14,2da ronda,5,1,0,0,25
1978,Grupo A,Alemania Occidental,Italia,1978-06-14,2da ronda,0,0,0,0,26
1978,Grupo B,Brasil,Perú,1978-06-14,2da ronda,3,0,0,0,27
1978,Grupo B,Argentina,Polonia,1978-06-14,2da ronda,2,0,0,0,28
1978,Grupo B,Argentina,Brasil,1978-06-18,2da ronda,0,0,0,0,29
1978,Grupo B,Polonia,Perú,1978-06-18,2da ronda,1,0,0,0,30
1978,Grupo A,Alemania Occidental,Paises Bajos,1978-06-18,2da ronda,2,2,0,0,31
1978,Grupo A,Italia,Austria,1978-06-18,2da ronda,1,0,0,0,32
1978,Grupo B,Argentina,Perú,1978-06-21,2da ronda,6,0,0,0,33
1978,Grupo A,Paises Bajos,Italia,1978-06-21,2da ronda,2,1,0,0,34
1978,Grupo B,Brasil,Polonia,1978-06-21,2da ronda,3,1,0,0,35
1978,Grupo A,Austria,Alemania Occidental,1978-06-21,2da ronda,3,2,0,0,36
1978,,Brasil,Italia,1978-06-24,3er puesto,2,1,0,0,37
1978,,Argentina,Paises Bajos,1978-06-25,final,3,1,1,0,38
1982,Grupo C,Argentina,Bélgica,1982-06-13,1ra ronda,0,1,0,0,1
1982,Grupo F,Brasil,URSS,1982-06-14,1ra ronda,2,1,0,0,2
1982,Grupo A,Italia,Polonia,1982-06-14,1ra ronda,0,0,0,0,3
1982,Grupo A,Perú,Camerún,1982-06-15,1ra ronda,0,0,0,0,4
1982,Grupo F,Escocia,Nueva Zelanda,1982-06-15,1ra ronda,5,2,0,0,5
1982,Grupo C,Hungría,El Salvador,1982-06-15,1ra ronda,10,1,0,0,6
1982,Grupo B,Alemania Occidental,Argelia,1982-06-16,1ra ronda,1,2,0,0,7
1982,Grupo E,España,Honduras,1982-06-16,1ra ronda,1,1,0,0,8
1982,Grupo D,Inglaterra,Francia,1982-06-16,1ra ronda,3,1,0,0,9
1982,Grupo D,Checoslovaquia,Kuwait,1982-06-17,1ra ronda,1,1,0,0,10
1982,Grupo E,Yugoslavia,Irlanda del Norte,1982-06-17,1ra ronda,0,0,0,0,11
1982,Grupo B,Chile,Austria,1982-06-17,1ra ronda,0,1,0,0,12
1982,Grupo C,Argentina,Hungría,1982-06-18,1ra ronda,4,1,0,0,13
1982,Grupo A,Italia,Perú,1982-06-18,1ra ronda,1,1,0,0,14
1982,Grupo F,Brasil,Escocia,1982-06-18,1ra ronda,4,1,0,0,15
1982,Grupo A,Polonia,Camerún,1982-06-19,1ra ronda,0,0,0,0,16
1982,Grupo C,Bélgica,El Salvador,1982-06-19,1ra ronda,1,0,0,0,17
1982,Grupo F,URSS,Nueva Zelanda,1982-06-19,1ra ronda,3,0,0,0,18
1982,Grupo E,España,Yugoslavia,1982-06-20,1ra ronda,2,1,0,0,19
1982,Grupo D,Inglaterra,Checoslovaquia,1982-06-20,1ra ronda,2,0,0,0,20
1982,Grupo B,Alemania Occidental,Chile,1982-06-20,1ra ronda,4,1,0,0,21
1982,Grupo E,Honduras,Irlanda del Norte,1982-06-21,1ra ronda,1,1,0,0,22
1982,Grupo D,Francia,Kuwait,1982-06-21,1ra ronda,4,1,0,0,23
1982,Grupo B,Argelia,Austria,1982-06-21,1ra ronda,0,2,0,0,24
1982,Grupo F,URSS,Escocia,1982-06-22,1ra ronda,2,2,0,0,25
1982,Grupo C,Bélgica,Hungría,1982-06-22,1ra ronda,1,1,0,0,26
1982,Grupo A,Polonia,Perú,1982-06-22,1ra ronda,5,1,0,0,27
1982,Grupo A,Italia,Camerún,1982-06-23,1ra ronda,1,1,0,0,28
1982,Grupo C,Argentina,El Salvador,1982-06-23,1ra ronda,2,0,0,0,29
1982,Grupo F,Brasil,Nueva Zelanda,1982-06-23,1ra ronda,4,0,0,0,30
1982,Grupo E,Honduras,Yugoslavia,1982-06-24,1ra ronda,0,1,0,0,31
1982,Grupo D,Francia,Checoslovaquia,1982-06-24,1ra ronda,1,1,0,0,32
1982,Grupo B,Argelia,Chile,1982-06-24,1ra ronda,3,2,0,0,33
1982,Grupo E,Irlanda del Norte,España,1982-06-25,1ra ronda,1,0,0,0,34
1982,Grupo B,Alemania Occidental,Austria,1982-06-25,1ra ronda,1,0,0,0,35
1982,Grupo D,Inglaterra,Kuwait,1982-06-25,1ra ronda,1,0,0,0,36
1982,Grupo 4,Austria,Francia,1982-06-28,2da ronda,0,1,0,0,37
1982,Grupo 1,Polonia,Bélgica,1982-06-28,2da ronda,3,0,0,0,38
1982,Grupo 2,Alemania Occidental,Inglaterra,1982-06-29,2da ronda,0,0,0,0,39
1982,Grupo 3,Italia,Argentina,1982-06-29,2da ronda,2,1,0,0,40
1982,Grupo 1,Bélgica,URSS,1982-07-01,2da ronda,0,1,0,0,41
1982,Grupo 4,Austria,Irlanda del Norte,1982-07-01,2da ronda,2,2,0,0,42
1982,Grupo 3,Argentina,Brasil,1982-07-02,2da ronda,1,3,0,0,43
1982,Grupo 2,Alemania Occidental,España,1982-07-02,2da ronda,2,1,0,0,44
1982,Grupo 4,Francia,Irlanda del Norte,1982-07-04,2da ronda,4,1,0,0,45
1982,Grupo 1,Polonia,URSS,1982-07-04,2da ronda,0,0,0,0,46
1982,Grupo 3,Italia,Brasil,1982-07-05,2da ronda,3,2,0,0,47
1982,Grupo 2,España,Inglaterra,1982-07-05,2da ronda,0,0,0,0,48
1982,,Alemania Occidental,Francia,1982-07-08,semis,3,3,1,1,49
1982,,Polonia,Italia,1982-07-08,semis,0,2,0,0,50
1982,,Polonia,Francia,1982-07-10,3er puesto,3,2,0,0,51
1982,,Italia,Alemania Occidental,1982-07-11,final,3,1,0,0,52
1986,Grupo A,Bulgaria,Italia,1986-05-31,1ra ronda,1,1,0,0,1
1986,Grupo D,España,Brasil,1986-06-01,1ra ronda,0,1,0,0,2
1986,Grupo C,Canadá,Francia,1986-06-01,1ra ronda,0,1,0,0,3
1986,Grupo A,Argentina,Corea del Sur,1986-06-02,1ra ronda,3,1,0,0,4
1986,Grupo C,URSS,Hungría,1986-06-02,1ra ronda,6,0,0,0,5
1986,Grupo F,Marruecos,Polonia,1986-06-02,1ra ronda,0,0,0,0,6
1986,Grupo B,Bélgica,México,1986-06-03,1ra ronda,1,2,0,0,7
1986,Grupo F,Portugal,Inglaterra,1986-06-03,1ra ronda,1,0,0,0,8
1986,Grupo D,Argelia,Irlanda del Norte,1986-06-03,1ra ronda,1,1,0,0,9
1986,Grupo E,Escocia,Dinamarca,1986-06-04,1ra ronda,0,1,0,0,10
1986,Grupo E,Uruguay,Alemania Occidental,1986-06-04,1ra ronda,1,1,0,0,11
1986,Grupo B,Paraguay,Iraq,1986-06-04,1ra ronda,1,0,0,0,12
1986,Grupo C,Francia,URSS,1986-06-05,1ra ronda,1,1,0,0,13
1986,Grupo A,Corea del Sur,Bulgaria,1986-06-05,1ra ronda,1,1,0,0,14
1986,Grupo A,Italia,Argentina,1986-06-05,1ra ronda,1,1,0,0,15
1986,Grupo C,Hungría,Canadá,1986-06-06,1ra ronda,2,0,0,0,16
1986,Grupo D,Brasil,Argelia,1986-06-06,1ra ronda,1,0,0,0,17
1986,Grupo F,Inglaterra,Marruecos,1986-06-06,1ra ronda,0,0,0,0,18
1986,Grupo B,México,Paraguay,1986-06-07,1ra ronda,1,1,0,0,19
1986,Grupo F,Polonia,Portugal,1986-06-07,1ra ronda,1,0,0,0,20
1986,Grupo D,Irlanda del Norte,España,1986-06-07,1ra ronda,1,2,0,0,21
1986,Grupo B,Iraq,Bélgica,1986-06-08,1ra ronda,1,2,0,0,22
1986,Grupo E,Alemania Occidental,Escocia,1986-06-08,1ra ronda,2,1,0,0,23
1986,Grupo E,Dinamarca,Uruguay,1986-06-08,1ra ronda,6,1,0,0,24
1986,Grupo C,URSS,Canadá,1986-06-09,1ra ronda,2,0,0,0,25
1986,Grupo C,Hungría,Francia,1986-06-09,1ra ronda,0,3,0,0,26
1986,Grupo A,Corea del Sur,Italia,1986-06-10,1ra ronda,2,3,0,0,27
1986,Grupo A,Argentina,Bulgaria,1986-06-10,1ra ronda,2,0,0,0,28
1986,Grupo B,Paraguay,Bélgica,1986-06-11,1ra ronda,2,2,0,0,29
1986,Grupo F,Inglaterra,Polonia,1986-06-11,1ra ronda,3,0,0,0,30
1986,Grupo F,Portugal,Marruecos,1986-06-11,1ra ronda,1,3,0,0,31
1986,Grupo B,Iraq,México,1986-06-11,1ra ronda,0,1,0,0,32
1986,Grupo D,Irlanda del Norte,Brasil,1986-06-12,1ra ronda,0,3,0,0,33
1986,Grupo D,Argelia,España,1986-06-12,1ra ronda,0,3,0,0,34
1986,Grupo E,Dinamarca,Alemania Occidental,1986-06-13,1ra ronda,2,0,0,0,35
1986,Grupo E,Escocia,Uruguay,1986-06-13,1ra ronda,0,0,0,0,36
1986,,URSS,Bélgica,1986-06-15,octavos,3,4,1,0,37
1986,,México,Bulgaria,1986-06-15,octavos,2,0,0,0,38
1986,,Brasil,Polonia,1986-06-16,octavos,4,0,0,0,39
1986,,Argentina,Uruguay,1986-06-16,octavos,1,0,0,0,40
1986,,Marruecos,Alemania Occidental,1986-06-17,octavos,0,1,0,0,41
1986,,Italia,Francia,1986-06-17,octavos,0,2,0,0,42
1986,,Dinamarca,España,1986-06-18,octavos,1,5,0,0,43
1986,,Inglaterra,Paraguay,1986-06-18,octavos,3,0,0,0,44
1986,,México,Alemania Occidental,1986-06-21,cuartos,0,0,1,1,45
1986,,Brasil,Francia,1986-06-21,cuartos,1,1,1,1,46
1986,,Bélgica,España,1986-06-22,cuartos,1,1,1,1,47
1986,,Argentina,Inglaterra,1986-06-22,cuartos,2,1,0,0,48
1986,,Argentina,Bélgica,1986-06-25,semis,2,0,0,0,49
1986,,Alemania Occidental,Francia,1986-06-25,semis,2,0,0,0,50
1986,,Bélgica,Francia,1986-06-28,3er puesto,2,4,1,0,51
1986,,Argentina,Alemania Occidental,1986-06-29,final,3,2,0,0,52
1990,Grupo B,Argentina,Camerún,1990-06-08,1ra ronda,0,1,0,0,1
1990,Grupo B,URSS,Rumania,1990-06-09,1ra ronda,0,2,0,0,2
1990,Grupo A,Italia,Austria,1990-06-09,1ra ronda,1,0,0,0,3
1990,Grupo D,Emiratos Arabes,Colombia,1990-06-09,1ra ronda,0,2,0,0,4
1990,Grupo A,Estados Unidos,Checoslovaquia,1990-06-10,1ra ronda,1,5,0,0,5
1990,Grupo C,Brasil,Suecia,1990-06-10,1ra ronda,2,1,0,0,6
1990,Grupo D,Alemania Occidental,Yugoslavia,1990-06-10,1ra ronda,4,1,0,0,7
1990,Grupo C,Costa Rica,Escocia,1990-06-11,1ra ronda,1,0,0,0,8
1990,Grupo F,Inglaterra,Irlanda,1990-06-11,1ra ronda,1,1,0,0,9
1990,Grupo E,Bélgica,Corea del Sur,1990-06-12,1ra ronda,2,0,0,0,10
1990,Grupo F,Paises Bajos,Egipto,1990-06-12,1ra ronda,1,1,0,0,11
1990,Grupo E,Uruguay,España,1990-06-13,1ra ronda,0,0,0,0,12
1990,Grupo B,Argentina,URSS,1990-06-13,1ra ronda,2,0,0,0,13
1990,Grupo D,Yugoslavia,Colombia,1990-06-14,1ra ronda,1,0,0,0,14
1990,Grupo A,Italia,Estados Unidos,1990-06-14,1ra ronda,1,0,0,0,15
1990,Grupo B,Camerún,Rumania,1990-06-14,1ra ronda,2,1,0,0,16
1990,Grupo A,Austria,Checoslovaquia,1990-06-15,1ra ronda,0,1,0,0,17
1990,Grupo D,Alemania Occidental,Emiratos Arabes,1990-06-15,1ra ronda,5,1,0,0,18
1990,Grupo C,Brasil,Costa Rica,1990-06-16,1ra ronda,1,0,0,0,19
1990,Grupo C,Suecia,Escocia,1990-06-16,1ra ronda,1,2,0,0,20
1990,Grupo F,Inglaterra,Paises Bajos,1990-06-16,1ra ronda,0,0,0,0,21
1990,Grupo F,Irlanda,Egipto,1990-06-17,1ra ronda,0,0,0,0,22
1990,Grupo E,Bélgica,Uruguay,1990-06-17,1ra ronda,3,1,0,0,23
1990,Grupo E,Corea del Sur,España,1990-06-17,1ra ronda,1,3,0,0,24
1990,Grupo B,Argentina,Rumania,1990-06-18,1ra ronda,1,1,0,0,25
1990,Grupo B,Camerún,URSS,1990-06-18,1ra ronda,0,4,0,0,26
1990,Grupo D,Alemania Occidental,Colombia,1990-06-19,1ra ronda,1,1,0,0,27
1990,Grupo D,Yugoslavia,Emiratos Arabes,1990-06-19,1ra ronda,4,1,0,0,28
1990,Grupo A,Italia,Checoslovaquia,1990-06-19,1ra ronda,2,0,0,0,29
1990,Grupo A,Austria,Estados Unidos,1990-06-19,1ra ronda,2,1,0,0,30
1990,Grupo C,Brasil,Escocia,1990-06-20,1ra ronda,1,0,0,0,31
1990,Grupo C,Suecia,Costa Rica,1990-06-20,1ra ronda,1,2,0,0,32
1990,Grupo E,Bélgica,España,1990-06-21,1ra ronda,1,2,0,0,33
1990,Grupo E,Corea del Sur,Uruguay,1990-06-21,1ra ronda,0,1,0,0,34
1990,Grupo F,Inglaterra,Egipto,1990-06-21,1ra ronda,1,0,0,0,35
1990,Grupo F,Irlanda,Paises Bajos,1990-06-21,1ra ronda,1,1,0,0,36
1990,,Camerún,Colombia,1990-06-23,octavos,2,1,1,0,37
1990,,Checoslovaquia,Costa Rica,1990-06-23,octavos,4,1,0,0,38
1990,,Brasil,Argentina,1990-06-24,octavos,0,1,0,0,39
1990,,Alemania Occidental,Paises Bajos,1990-06-24,octavos,2,1,0,0,40
1990,,Irlanda,Rumania,1990-06-25,octavos,0,0,1,1,41
1990,,Italia,Uruguay,1990-06-25,octavos,2,0,0,0,42
1990,,España,Yugoslavia,1990-06-26,octavos,1,2,1,0,43
1990,,Inglaterra,Bélgica,1990-06-26,octavos,1,0,1,0,44
1990,,Argentina,Yugoslavia,1990-06-30,cuartos,0,0,1,1,45
1990,,Italia,Irlanda,1990-06-30,cuartos,1,0,0,0,46
1990,,Alemania Occidental,Checoslovaquia,1990-07-01,cuartos,1,0,0,0,47
1990,,Camerún,Inglaterra,1990-07-01,cuartos,2,3,1,0,48
1990,,Italia,Argentina,1990-07-03,semis,1,1,1,1,49
1990,,Inglaterra,Alemania Occidental,1990-07-04,semis,1,1,1,1,50
1990,,Italia,Inglaterra,1990-07-07,3er puesto,2,1,0,0,51
1990,,Argentina,Alemania Occidental,1990-07-08,final,0,1,0,0,52
1994,Grupo C,Alemania,Bolivia,1994-06-17,1ra ronda,1,0,0,0,1
1994,Grupo C,España,Corea del Sur,1994-06-17,1ra ronda,2,2,0,0,2
1994,Grupo A,Estados Unidos,Suiza,1994-06-18,1ra ronda,1,1,0,0,3
1994,Grupo E,Italia,Irlanda,1994-06-18,1ra ronda,0,1,0,0,4
1994,Grupo A,Colombia,Rumania,1994-06-18,1ra ronda,1,3,0,0,5
1994,Grupo F,Bélgica,Marruecos,1994-06-19,1ra ronda,1,0,0,0,6
1994,Grupo E,Noruega,México,1994-06-19,1ra ronda,1,0,0,0,7
1994,Grupo B,Camerún,Suecia,1994-06-19,1ra ronda,2,2,0,0,8
1994,Grupo B,Brasil,Rusia,1994-06-20,1ra ronda,2,0,0,0,9
1994,Grupo F,Paises Bajos,Arabia Saudita,1994-06-20,1ra ronda,2,1,0,0,10
1994,Grupo D,Argentina,Grecia,1994-06-21,1ra ronda,4,0,0,0,11
1994,Grupo C,Alemania,España,1994-06-21,1ra ronda,1,1,0,0,12
1994,Grupo D,Nigeria,Bulgaria,1994-06-21,1ra ronda,3,0,0,0,13
1994,Grupo A,Rumania,Suiza,1994-06-22,1ra ronda,1,4,0,0,14
1994,Grupo A,Estados Unidos,Colombia,1994-06-22,1ra ronda,2,1,0,0,15
1994,Grupo E,Italia,Noruega,1994-06-23,1ra ronda,1,0,0,0,16
1994,Grupo C,Corea del Sur,Bolivia,1994-06-23,1ra ronda,0,0,0,0,17
1994,Grupo E,México,Irlanda,1994-06-24,1ra ronda,2,1,0,0,18
1994,Grupo B,Brasil,Camerún,1994-06-24,1ra ronda,3,0,0,0,19
1994,Grupo B,Suecia,Rusia,1994-06-24,1ra ronda,3,1,0,0,20
1994,Grupo F,Bélgica,Paises Bajos,1994-06-25,1ra ronda,1,0,0,0,21
1994,Grupo F,Arabia Saudita,Marruecos,1994-06-25,1ra ronda,2,1,0,0,22
1994,Grupo D,Argentina,Nigeria,1994-06-25,1ra ronda,2,1,0,0,23
1994,Grupo D,Bulgaria,Grecia,1994-06-26,1ra ronda,4,0,0,0,24
1994,Grupo A,Estados Unidos,Rumania,1994-06-26,1ra ronda,0,1,0,0,25
1994,Grupo A,Suiza,Colombia,1994-06-26,1ra ronda,0,2,0,0,26
1994,Grupo C,Bolivia,España,1994-06-27,1ra ronda,1,3,0,0,27
1994,Grupo C,Alemania,Corea del Sur,1994-06-27,1ra ronda,3,2,0,0,28
1994,Grupo E,Irlanda,Noruega,1994-06-28,1ra ronda,0,0,0,0,29
1994,Grupo E,Italia,México,1994-06-28,1ra ronda,1,1,0,0,30
1994,Grupo B,Rusia,Camerún,1994-06-28,1ra ronda,6,1,0,0,31
1994,Grupo B,Brasil,Suecia,1994-06-28,1ra ronda,1,1,0,0,32
1994,Grupo F,Marruecos,Paises Bajos,1994-06-29,1ra ronda,1,2,0,0,33
1994,Grupo F,Bélgica,Arabia Saudita,1994-06-29,1ra ronda,0,1,0,0,34
1994,Grupo D,Grecia,Nigeria,1994-06-30,1ra ronda,0,2,0,0,35
1994,Grupo D,Argentina,Bulgaria,1994-06-30,1ra ronda,0,2,0,0,36
1994,,Alemania,Bélgica,1994-07-02,octavos,3,2,0,0,37
1994,,España,Suiza,1994-07-02,octavos,3,0,0,0,38
1994,,Arabia Saudita,Suecia,1994-07-03,octavos,1,3,0,0,39
1994,,Rumania,Argentina,1994-07-03,octavos,3,2,0,0,40
1994,,Paises Bajos,Irlanda,1994-07-04,octavos,2,0,0,0,41
1994,,Brasil,Estados Unidos,1994-07-04,octavos,1,0,0,0,42
1994,,Nigeria,Italia,1994-07-05,octavos,1,2,1,0,43
1994,,México,Bulgaria,1994-07-05,octavos,1,1,1,1,44
1994,,Italia,España,1994-07-09,cuartos,2,1,0,0,45
1994,,Paises Bajos,Brasil,1994-07-09,cuartos,2,3,0,0,46
1994,,Bulgaria,Alemania,1994-07-10,cuartos,2,1,0,0,47
1994,,Rumania,Suecia,1994-07-10,cuartos,2,2,1,1,48
1994,,Bulgaria,Italia,1994-07-13,semis,1,2,0,0,49
1994,,Suecia,Brasil,1994-07-13,semis,0,1,0,0,50
1994,,Suecia,Bulgaria,1994-07-16,3er puesto,4,0,0,0,51
1994,,Brasil,Italia,1994-07-17,final,0,0,1,1,52
1998,Grupo A,Brasil,Escocia,1998-06-10,1ra ronda,2,1,0,0,1
1998,Grupo A,Marruecos,Noruega,1998-06-10,1ra ronda,2,2,0,0,2
1998,Grupo B,Camerún,Austria,1998-06-11,1ra ronda,1,1,0,0,3
1998,Grupo B,Italia,Chile,1998-06-11,1ra ronda,2,2,0,0,4
1998,Grupo C,Arabia Saudita,Dinamarca,1998-06-12,1ra ronda,0,1,0,0,5
1998,Grupo C,Francia,Sudáfrica,1998-06-12,1ra ronda,3,0,0,0,6
1998,Grupo D,Paraguay,Bulgaria,1998-06-12,1ra ronda,0,0,0,0,7
1998,Grupo E,Paises Bajos,Bélgica,1998-06-13,1ra ronda,0,0,0,0,8
1998,Grupo E,Corea del Sur,México,1998-06-13,1ra ronda,1,3,0,0,9
1998,Grupo D,España,Nigeria,1998-06-13,1ra ronda,2,3,0,0,10
1998,Grupo H,Jamaica,Croacia,1998-06-14,1ra ronda,1,3,0,0,11
1998,Grupo F,RF de Yugoslavia,Irán,1998-06-14,1ra ronda,1,0,0,0,12
1998,Grupo H,Argentina,Japón,1998-06-14,1ra ronda,1,0,0,0,13
1998,Grupo F,Alemania,Estados Unidos,1998-06-15,1ra ronda,2,0,0,0,14
1998,Grupo G,Rumania,Colombia,1998-06-15,1ra ronda,1,0,0,0,15
1998,Grupo G,Inglaterra,Túnez,1998-06-15,1ra ronda,2,0,0,0,16
1998,Grupo A,Escocia,Noruega,1998-06-16,1ra ronda,1,1,0,0,17
1998,Grupo A,Brasil,Marruecos,1998-06-16,1ra ronda,3,0,0,0,18
1998,Grupo B,Chile,Austria,1998-06-17,1ra ronda,1,1,0,0,19
1998,Grupo B,Italia,Camerún,1998-06-17,1ra ronda,3,0,0,0,20
1998,Grupo C,Francia,Arabia Saudita,1998-06-18,1ra ronda,4,0,0,0,21
1998,Grupo C,Sudáfrica,Dinamarca,1998-06-18,1ra ronda,1,1,0,0,22
1998,Grupo D,Nigeria,Bulgaria,1998-06-19,1ra ronda,1,0,0,0,23
1998,Grupo D,España,Paraguay,1998-06-19,1ra ronda,0,0,0,0,24
1998,Grupo E,Paises Bajos,Corea del Sur,1998-06-20,1ra ronda,5,0,0,0,25
1998,Grupo E,Bélgica,México,1998-06-20,1ra ronda,2,2,0,0,26
1998,Grupo H,Japón,Croacia,1998-06-20,1ra ronda,0,1,0,0,27
1998,Grupo H,Argentina,Jamaica,1998-06-21,1ra ronda,5,0,0,0,28
1998,Grupo F,Alemania,RF de Yugoslavia,1998-06-21,1ra ronda,2,2,0,0,29
1998,Grupo F,Estados Unidos,Irán,1998-06-21,1ra ronda,1,2,0,0,30
1998,Grupo G,Colombia,Túnez,1998-06-22,1ra ronda,1,0,0,0,31
1998,Grupo G,Rumania,Inglaterra,1998-06-22,1ra ronda,2,1,0,0,32
1998,Grupo B,Italia,Austria,1998-06-23,1ra ronda,2,1,0,0,33
1998,Grupo A,Escocia,Marruecos,1998-06-23,1ra ronda,0,3,0,0,34
1998,Grupo A,Brasil,Noruega,1998-06-23,1ra ronda,1,2,0,0,35
1998,Grupo B,Chile,Camerún,1998-06-23,1ra ronda,1,1,0,0,36
1998,Grupo D,España,Bulgaria,1998-06-24,1ra ronda,6,1,0,0,37
1998,Grupo C,Francia,Dinamarca,1998-06-24,1ra ronda,2,1,0,0,38
1998,Grupo D,Nigeria,Paraguay,1998-06-24,1ra ronda,1,3,0,0,39
1998,Grupo C,Sudáfrica,Arabia Saudita,1998-06-24,1ra ronda,2,2,0,0,40
1998,Grupo E,Bélgica,Corea del Sur,1998-06-25,1ra ronda,1,1,0,0,41
1998,Grupo E,Paises Bajos,México,1998-06-25,1ra ronda,2,2,0,0,42
1998,Grupo F,Alemania,Irán,1998-06-25,1ra ronda,2,0,0,0,43
1998,Grupo F,Estados Unidos,RF de Yugoslavia,1998-06-25,1ra ronda,0,1,0,0,44
1998,Grupo G,Rumania,Túnez,1998-06-26,1ra ronda,1,1,0,0,45
1998,Grupo G,Colombia,Inglaterra,1998-06-26,1ra ronda,0,2,0,0,46
1998,Grupo H,Japón,Jamaica,1998-06-26,1ra ronda,1,2,0,0,47
1998,Grupo H,Argentina,Croacia,1998-06-26,1ra ronda,1,0,0,0,48
1998,,Brasil,Chile,1998-06-27,octavos,4,1,0,0,49
1998,,Italia,Noruega,1998-06-27,octavos,1,0,0,0,50
1998,,Nigeria,Dinamarca,1998-06-28,octavos,1,4,0,0,51
1998,,Francia,Paraguay,1998-06-28,octavos,1,0,1,0,52
1998,,Alemania,México,1998-06-29,octavos,2,1,0,0,53
1998,,Paises Bajos,RF de Yugoslavia,1998-06-29,octavos,2,1,0,0,54
1998,,Argentina,Inglaterra,1998-06-30,octavos,2,2,1,1,55
1998,,Rumania,Croacia,1998-06-30,octavos,0,1,0,0,56
1998,,Italia,Francia,1998-07-03,cuartos,0,0,1,1,57
1998,,Brasil,Dinamarca,1998-07-03,cuartos,3,2,0,0,58
1998,,Alemania,Croacia,1998-07-04,cuartos,0,3,0,0,59
1998,,Paises Bajos,Argentina,1998-07-04,cuartos,2,1,0,0,60
1998,,Brasil,Paises Bajos,1998-07-07,semis,1,1,1,1,61
1998,,Francia,Croacia,1998-07-08,semis,2,1,0,0,62
1998,,Paises Bajos,Croacia,1998-07-11,3er puesto,1,2,0,0,63
1998,,Brasil,Francia,1998-07-12,final,0,3,0,0,64
2002,Grupo A,Francia,Senegal,2002-05-31,1ra ronda,0,1,0,0,1
2002,Grupo E,Irlanda,Camerún,2002-06-01,1ra ronda,1,1,0,0,2
2002,Grupo A,Uruguay,Dinamarca,2002-06-01,1ra ronda,1,2,0,0,3
2002,Grupo E,Alemania,Arabia Saudita,2002-06-01,1ra ronda,8,0,0,0,4
2002,Grupo F,Inglaterra,Suecia,2002-06-02,1ra ronda,1,1,0,0,5
2002,Grupo B,Paraguay,Sudáfrica,2002-06-02,1ra ronda,2,2,0,0,6
2002,Grupo F,Argentina,Nigeria,2002-06-02,1ra ronda,1,0,0,0,7
2002,Grupo B,España,Eslovenia,2002-06-02,1ra ronda,3,1,0,0,8
2002,Grupo G,Croacia,México,2002-06-03,1ra ronda,0,1,0,0,9
2002,Grupo C,Brasil,Turquía,2002-06-03,1ra ronda,2,1,0,0,10
2002,Grupo G,Italia,Ecuador,2002-06-03,1ra ronda,2,0,0,0,11
2002,Grupo C,China,Costa Rica,2002-06-04,1ra ronda,0,2,0,0,12
2002,Grupo H,Japón,Bélgica,2002-06-04,1ra ronda,2,2,0,0,13
2002,Grupo D,Corea del Sur,Polonia,2002-06-04,1ra ronda,2,0,0,0,14
2002,Grupo H,Rusia,Túnez,2002-06-05,1ra ronda,2,0,0,0,15
2002,Grupo D,Estados Unidos,Portugal,2002-06-05,1ra ronda,3,2,0,0,16
2002,Grupo E,Alemania,Irlanda,2002-06-05,1ra ronda,1,1,0,0,17
2002,Grupo A,Francia,Uruguay,2002-06-06,1ra ronda,0,0,0,0,18
2002,Grupo E,Camerún,Arabia Saudita,2002-06-06,1ra ronda,1,0,0,0,19
2002,Grupo A,Dinamarca,Senegal,2002-06-06,1ra ronda,1,1,0,0,20
2002,Grupo F,Suecia,Nigeria,2002-06-07,1ra ronda,2,1,0,0,21
2002,Grupo B,España,Paraguay,2002-06-07,1ra ronda,3,1,0,0,22
2002,Grupo F,Argentina,Inglaterra,2002-06-07,1ra ronda,0,1,0,0,23
2002,Grupo B,Sudáfrica,Eslovenia,2002-06-08,1ra ronda,1,0,0,0,24
2002,Grupo G,Italia,Croacia,2002-06-08,1ra ronda,1,2,0,0,25
2002,Grupo C,Brasil,China,2002-06-08,1ra ronda,4,0,0,0,26
2002,Grupo G,México,Ecuador,2002-06-09,1ra ronda,2,1,0,0,27
2002,Grupo C,Costa Rica,Turquía,2002-06-09,1ra ronda,1,1,0,0,28
2002,Grupo H,Japón,Rusia,2002-06-09,1ra ronda,1,0,0,0,29
2002,Grupo D,Corea del Sur,Estados Unidos,2002-06-10,1ra ronda,1,1,0,0,30
2002,Grupo H,Túnez,Bélgica,2002-06-10,1ra ronda,1,1,0,0,31
2002,Grupo D,Portugal,Polonia,2002-06-10,1ra ronda,4,0,0,0,32
2002,Grupo A,Dinamarca,Francia,2002-06-11,1ra ronda,2,0,0,0,33
2002,Grupo A,Senegal,Uruguay,2002-06-11,1ra ronda,3,3,0,0,34
2002,Grupo E,Camerún,Alemania,2002-06-11,1ra ronda,0,2,0,0,35
2002,Grupo E,Arabia Saudita,Irlanda,2002-06-11,1ra ronda,0,3,0,0,36
2002,Grupo F,Suecia,Argentina,2002-06-12,1ra ronda,1,1,0,0,37
2002,Grupo F,Nigeria,Inglaterra,2002-06-12,1ra ronda,0,0,0,0,38
2002,Grupo B,Sudáfrica,España,2002-06-12,1ra ronda,2,3,0,0,39
2002,Grupo B,Eslovenia,Paraguay,2002-06-12,1ra ronda,1,3,0,0,40
2002,Grupo C,Costa Rica,Brasil,2002-06-13,1ra ronda,2,5,0,0,41
2002,Grupo C,Turquía,China,2002-06-13,1ra ronda,3,0,0,0,42
2002,Grupo G,México,Italia,2002-06-13,1ra ronda,1,1,0,0,43
2002,Grupo G,Ecuador,Croacia,2002-06-13,1ra ronda,1,0,0,0,44
2002,Grupo H,Túnez,Japón,2002-06-14,1ra ronda,0,2,0,0,45
2002,Grupo H,Bélgica,Rusia,2002-06-14,1ra ronda,3,2,0,0,46
2002,Grupo D,Portugal,Corea del Sur,2002-06-14,1ra ronda,0,1,0,0,47
2002,Grupo D,Polonia,Estados Unidos,2002-06-14,1ra ronda,3,1,0,0,48
2002,,Alemania,Paraguay,2002-06-15,octavos,1,0,0,0,49
2002,,Dinamarca,Inglaterra,2002-06-15,octavos,0,3,0,0,50
2002,,Suecia,Senegal,2002-06-16,octavos,1,2,1,0,51
2002,,España,Irlanda,2002-06-16,octavos,1,1,1,1,52
2002,,México,Estados Unidos,2002-06-17,octavos,0,2,0,0,53
2002,,Brasil,Bélgica,2002-06-17,octavos,2,0,0,0,54
2002,,Japón,Turquía,2002-06-18,octavos,0,1,0,0,55
2002,,Corea del Sur,Italia,2002-06-18,octavos,2,1,1,0,56
2002,,Inglaterra,Brasil,2002-06-21,cuartos,1,2,0,0,57
2002,,Alemania,Estados Unidos,2002-06-21,cuartos,1,0,0,0,58
2002,,España,Corea del Sur,2002-06-22,cuartos,0,0,1,1,59
2002,,Senegal,Turquía,2002-06-22,cuartos,0,1,1,0,60
2002,,Alemania,Corea del Sur,2002-06-25,semis,1,0,0,0,61
2002,,Brasil,Turquía,2002-06-26,semis,1,0,0,0,62
2002,,Corea del Sur,Turquía,2002-06-29,3er puesto,2,3,0,0,63
2002,,Alemania,Brasil,2002-06-30,final,0,2,0,0,64
2006,Grupo A,Alemania,Costa Rica,2006-06-09,1ra ronda,4,2,0,0,1
2006,Grupo A,Polonia,Ecuador,2006-06-09,1ra ronda,0,2,0,0,2
2006,Grupo B,Inglaterra,Paraguay,2006-06-10,1ra ronda,1,0,0,0,3
2006,Grupo B,Trinidad y Tobago,Suecia,2006-06-10,1ra ronda,0,0,0,0,4
2006,Grupo C,Argentina,Costa de Marfil,2006-06-10,1ra ronda,2,1,0,0,5
2006,Grupo C,Serbia y Montenegro,Paises Bajos,2006-06-11,1ra ronda,0,1,0,0,6
2006,Grupo D,México,Irán,2006-06-11,1ra ronda,3,1,0,0,7
2006,Grupo D,Angola,Portugal,2006-06-11,1ra ronda,0,1,0,0,8
2006,Grupo E,Italia,Ghana,2006-06-12,1ra ronda,2,0,0,0,9
2006,Grupo E,Estados Unidos,República Checa,2006-06-12,1ra ronda,0,3,0,0,10
2006,Grupo F,Australia,Japón,2006-06-12,1ra ronda,3,1,0,0,11
2006,Grupo F,Brasil,Croacia,2006-06-13,1ra ronda,1,0,0,0,12
2006,Grupo G,Francia,Suiza,2006-06-13,1ra ronda,0,0,0,0,13
2006,Grupo G,Corea del Sur,Togo,2006-06-13,1ra ronda,2,1,0,0,14
2006,Grupo H,España,Ucrania,2006-06-14,1ra ronda,4,0,0,0,15
2006,Grupo H,Túnez,Arabia Saudita,2006-06-14,1ra ronda,2,2,0,0,16
2006,Grupo A,Alemania,Polonia,2006-06-14,1ra ronda,1,0,0,0,17
2006,Grupo A,Ecuador,Costa Rica,2006-06-15,1ra ronda,3,0,0,0,18
2006,Grupo B,Inglaterra,Trinidad y Tobago,2006-06-15,1ra ronda,2,0,0,0,19
2006,Grupo B,Suecia,Paraguay,2006-06-15,1ra ronda,1,0,0,0,20
2006,Grupo C,Argentina,Serbia y Montenegro,2006-06-16,1ra ronda,6,0,0,0,21
2006,Grupo C,Paises Bajos,Costa de Marfil,2006-06-16,1ra ronda,2,1,0,0,22
2006,Grupo D,México,Angola,2006-06-16,1ra ronda,0,0,0,0,23
2006,Grupo D,Portugal,Irán,2006-06-17,1ra ronda,2,0,0,0,24
2006,Grupo E,Italia,Estados Unidos,2006-06-17,1ra ronda,1,1,0,0,25
2006,Grupo E,República Checa,Ghana,2006-06-17,1ra ronda,0,2,0,0,26
2006,Grupo F,Brasil,Australia,2006-06-18,1ra ronda,2,0,0,0,27
2006,Grupo F,Japón,Croacia,2006-06-18,1ra ronda,0,0,0,0,28
2006,Grupo G,Francia,Corea del Sur,2006-06-18,1ra ronda,1,1,0,0,29
2006,Grupo G,Togo,Suiza,2006-06-19,1ra ronda,0,2,0,0,30
2006,Grupo H,España,Túnez,2006-06-19,1ra ronda,3,1,0,0,31
2006,Grupo H,Arabia Saudita,Ucrania,2006-06-19,1ra ronda,0,4,0,0,32
2006,Grupo A,Ecuador,Alemania,2006-06-20,1ra ronda,0,3,0,0,33
2006,Grupo A,Costa Rica,Polonia,2006-06-20,1ra ronda,1,2,0,0,34
2006,Grupo B,Suecia,Inglaterra,2006-06-20,1ra ronda,2,2,0,0,35
2006,Grupo B,Paraguay,Trinidad y Tobago,2006-06-20,1ra ronda,2,0,0,0,36
2006,Grupo C,Paises Bajos,Argentina,2006-06-21,1ra ronda,0,0,0,0,37
2006,Grupo C,Costa de Marfil,Serbia y Montenegro,2006-06-21,1ra ronda,3,2,0,0,38
2006,Grupo D,Portugal,México,2006-06-21,1ra ronda,2,1,0,0,39
2006,Grupo D,Irán,Angola,2006-06-21,1ra ronda,1,1,0,0,40
2006,Grupo E,República Checa,Italia,2006-06-22,1ra ronda,0,2,0,0,41
2006,Grupo E,Ghana,Estados Unidos,2006-06-22,1ra ronda,2,1,0,0,42
2006,Grupo F,Japón,Brasil,2006-06-22,1ra ronda,1,4,0,0,43
2006,Grupo F,Croacia,Australia,2006-06-22,1ra ronda,2,2,0,0,44
2006,Grupo G,Togo,Francia,2006-06-23,1ra ronda,0,2,0,0,45
2006,Grupo G,Suiza,Corea del Sur,2006-06-23,1ra ronda,2,0,0,0,46
2006,Grupo H,Arabia Saudita,España,2006-06-23,1ra ronda,0,1,0,0,47
2006,Grupo H,Ucrania,Túnez,2006-06-23,1ra ronda,1,0,0,0,48
2006,,Alemania,Suecia,2006-06-24,octavos,2,0,0,0,49
2006,,Argentina,México,2006-06-24,octavos,2,1,1,0,50
2006,,Inglaterra,Ecuador,2006-06-25,octavos,1,0,0,0,51
2006,,Portugal,Paises Bajos,2006-06-25,octavos,1,0,0,0,52
2006,,Italia,Australia,2006-06-26,octavos,1,0,0,0,53
2006,,Suiza,Ucrania,2006-06-26,octavos,0,0,1,1,54
2006,,Brasil,Ghana,2006-06-27,octavos,3,0,0,0,55
2006,,España,Francia,2006-06-27,octavos,1,3,0,0,56
2006,,Alemania,Argentina,2006-06-30,cuartos,1,1,1,1,57
2006,,Italia,Ucrania,2006-06-30,cuartos,3,0,0,0,58
2006,,Inglaterra,Portugal,2006-07-01,cuartos,0,0,1,1,59
2006,,Brasil,Francia,2006-07-01,cuartos,0,1,0,0,60
2006,,Alemania,Italia,2006-07-04,semis,0,2,1,0,61
2006,,Portugal,Francia,2006-07-05,semis,0,1,0,0,62
2006,,Alemania,Portugal,2006-07-08,3er puesto,3,1,0,0,63
2006,,Italia,Francia,2006-07-09,final,1,1,1,1,64
2010,Grupo A,Sudáfrica,México,2010-06-11,1ra ronda,1,1,0,0,1
2010,Grupo A,Uruguay,Francia,2010-06-11,1ra ronda,0,0,0,0,2
2010,Grupo B,Argentina,Nigeria,2010-06-12,1ra ronda,1,0,0,0,3
2010,Grupo B,Corea del Sur,Grecia,2010-06-12,1ra ronda,2,0,0,0,4
2010,Grupo C,Inglaterra,Estados Unidos,2010-06-12,1ra ronda,1,1,0,0,5
2010,Grupo C,Argelia,Eslovenia,2010-06-13,1ra ronda,0,1,0,0,6
2010,Grupo D,Alemania,Australia,2010-06-13,1ra ronda,4,0,0,0,7
2010,Grupo D,Serbia,Ghana,2010-06-13,1ra ronda,0,1,0,0,8
2010,Grupo E,Paises Bajos,Dinamarca,2010-06-14,1ra ronda,2,0,0,0,9
2010,Grupo E,Japón,Camerún,2010-06-14,1ra ronda,1,0,0,0,10
2010,Grupo F,Italia,Paraguay,2010-06-14,1ra ronda,1,1,0,0,11
2010,Grupo F,Nueva Zelanda,Eslovaquia,2010-06-15,1ra ronda,1,1,0,0,12
2010,Grupo G,Costa de Marfil,Portugal,2010-06-15,1ra ronda,0,0,0,0,13
2010,Grupo G,Brasil,Corea del Norte,2010-06-15,1ra ronda,2,1,0,0,14
2010,Grupo H,Honduras,Chile,2010-06-16,1ra ronda,0,1,0,0,15
2010,Grupo H,España,Suiza,2010-06-16,1ra ronda,0,1,0,0,16
2010,Grupo A,Sudáfrica,Uruguay,2010-06-16,1ra ronda,0,3,0,0,17
2010,Grupo A,Francia,México,2010-06-17,1ra ronda,0,2,0,0,18
2010,Grupo B,Grecia,Nigeria,2010-06-17,1ra ronda,2,1,0,0,19
2010,Grupo B,Argentina,Corea del Sur,2010-06-17,1ra ronda,4,1,0,0,20
2010,Grupo D,Alemania,Serbia,2010-06-18,1ra ronda,0,1,0,0,21
2010,Grupo C,Eslovenia,Estados Unidos,2010-06-18,1ra ronda,2,2,0,0,22
2010,Grupo C,Inglaterra,Argelia,2010-06-18,1ra ronda,0,0,0,0,23
2010,Grupo D,Ghana,Australia,2010-06-19,1ra ronda,1,1,0,0,24
2010,Grupo E,Paises Bajos,Japón,2010-06-19,1ra ronda,1,0,0,0,25
2010,Grupo E,Camerún,Dinamarca,2010-06-19,1ra ronda,1,2,0,0,26
2010,Grupo F,Eslovaquia,Paraguay,2010-06-20,1ra ronda,0,2,0,0,27
2010,Grupo F,Italia,Nueva Zelanda,2010-06-20,1ra ronda,1,1,0,0,28
2010,Grupo G,Brasil,Costa de Marfil,2010-06-20,1ra ronda,3,1,0,0,29
2010,Grupo G,Portugal,Corea del Norte,2010-06-21,1ra ronda,7,0,0,0,30
2010,Grupo H,Chile,Suiza,2010-06-21,1ra ronda,1,0,0,0,31
2010,Grupo H,España,Honduras,2010-06-21,1ra ronda,2,0,0,0,32
2010,Grupo A,México,Uruguay,2010-06-22,1ra ronda,0,1,0,0,33
2010,Grupo A,Francia,Sudáfrica,2010-06-22,1ra ronda,1,2,0,0,34
2010,Grupo B,Nigeria,Corea del Sur,2010-06-22,1ra ronda,2,2,0,0,35
2010,Grupo B,Grecia,Argentina,2010-06-22,1ra ronda,0,2,0,0,36
2010,Grupo C,Eslovenia,Inglaterra,2010-06-23,1ra ronda,0,1,0,0,37
2010,Grupo C,Estados Unidos,Argelia,2010-06-23,1ra ronda,1,0,0,0,38
2010,Grupo D,Ghana,Alemania,2010-06-23,1ra ronda,0,1,0,0,39
2010,Grupo D,Australia,Serbia,2010-06-23,1ra ronda,2,1,0,0,40
2010,Grupo F,Eslovaquia,Italia,2010-06-24,1ra ronda,3,2,0,0,41
2010,Grupo F,Paraguay,Nueva Zelanda,2010-06-24,1ra ronda,0,0,0,0,42
2010,Grupo E,Dinamarca,Japón,2010-06-24,1ra ronda,1,3,0,0,43
2010,Grupo E,Camerún,Paises Bajos,2010-06-24,1ra ronda,1,2,0,0,44
2010,Grupo G,Portugal,Brasil,2010-06-25,1ra ronda,0,0,0,0,45
2010,Grupo G,Corea del Norte,Costa de Marfil,2010-06-25,1ra ronda,0,3,0,0,46
2010,Grupo H,Chile,España,2010-06-25,1ra ronda,1,2,0,0,47
2010,Grupo H,Suiza,Honduras,2010-06-25,1ra ronda,0,0,0,0,48
2010,,Uruguay,Corea del Sur,2010-06-26,octavos,2,1,0,0,49
2010,,Estados Unidos,Ghana,2010-06-26,octavos,1,2,1,0,50
2010,,Alemania,Inglaterra,2010-06-27,octavos,4,1,0,0,51
2010,,Argentina,México,2010-06-27,octavos,3,1,0,0,52
2010,,Paises Bajos,Eslovaquia,2010-06-28,octavos,2,1,0,0,53
2010,,Brasil,Chile,2010-06-28,octavos,3,0,0,0,54
2010,,Paraguay,Japón,2010-06-29,octavos,0,0,1,1,55
2010,,España,Portugal,2010-06-29,octavos,1,0,0,0,56
2010,,Paises Bajos,Brasil,2010-07-02,cuartos,2,1,0,0,57
2010,,Uruguay,Ghana,2010-07-02,cuartos,1,1,1,1,58
2010,,Argentina,Alemania,2010-07-03,cuartos,0,4,0,0,59
2010,,Paraguay,España,2010-07-03,cuartos,0,1,0,0,60
2010,,Uruguay,Paises Bajos,2010-07-06,semis,2,3,0,0,61
2010,,Alemania,España,2010-07-07,semis,0,1,0,0,62
2010,,Uruguay,Alemania,2010-07-10,3er puesto,2,3,0,0,63
2010,,Paises Bajos,España,2010-07-11,final,0,1,1,0,64
2014,Grupo A,Brasil,Croacia,2014-06-12,1ra ronda,3,1,0,0,1
2014,Grupo A,México,Camerún,2014-06-13,1ra ronda,1,0,0,0,2
2014,Grupo B,España,Paises Bajos,2014-06-13,1ra ronda,1,5,0,0,3
2014,Grupo B,Chile,Australia,2014-06-13,1ra ronda,3,1,0,0,4
2014,Grupo C,Colombia,Grecia,2014-06-14,1ra ronda,3,0,0,0,5
2014,Grupo C,Costa de Marfil,Japón,2014-06-14,1ra ronda,2,1,0,0,6
2014,Grupo D,Uruguay,Costa Rica,2014-06-14,1ra ronda,1,3,0,0,7
2014,Grupo D,Inglaterra,Italia,2014-06-14,1ra ronda,1,2,0,0,8
2014,Grupo E,Suiza,Ecuador,2014-06-15,1ra ronda,2,1,0,0,9
2014,Grupo E,Francia,Honduras,2014-06-15,1ra ronda,3,0,0,0,10
2014,Grupo F,Argentina,Bosnia-Herzegovina,2014-06-15,1ra ronda,2,1,0,0,11
2014,Grupo F,Irán,Nigeria,2014-06-16,1ra ronda,0,0,0,0,12
2014,Grupo G,Alemania,Portugal,2014-06-16,1ra ronda,4,0,0,0,13
2014,Grupo G,Ghana,Estados Unidos,2014-06-16,1ra ronda,1,2,0,0,14
2014,Grupo H,Bélgica,Argelia,2014-06-17,1ra ronda,2,1,0,0,15
2014,Grupo H,Rusia,Corea del Sur,2014-06-17,1ra ronda,1,1,0,0,16
2014,Grupo A,Brasil,México,2014-06-17,1ra ronda,0,0,0,0,17
2014,Grupo A,Camerún,Croacia,2014-06-18,1ra ronda,0,4,0,0,18
2014,Grupo B,España,Chile,2014-06-18,1ra ronda,0,2,0,0,19
2014,Grupo B,Australia,Paises Bajos,2014-06-18,1ra ronda,2,3,0,0,20
2014,Grupo C,Colombia,Costa de Marfil,2014-06-19,1ra ronda,2,1,0,0,21
2014,Grupo C,Japón,Grecia,2014-06-19,1ra ronda,0,0,0,0,22
2014,Grupo D,Uruguay,Inglaterra,2014-06-19,1ra ronda,2,1,0,0,23
2014,Grupo D,Italia,Costa Rica,2014-06-20,1ra ronda,0,1,0,0,24
2014,Grupo E,Suiza,Francia,2014-06-20,1ra ronda,2,5,0,0,25
2014,Grupo E,Honduras,Ecuador,2014-06-20,1ra ronda,1,2,0,0,26
2014,Grupo F,Argentina,Irán,2014-06-21,1ra ronda,1,0,0,0,27
2014,Grupo F,Nigeria,Bosnia-Herzegovina,2014-06-21,1ra ronda,1,0,0,0,28
2014,Grupo G,Alemania,Ghana,2014-06-21,1ra ronda,2,2,0,0,29
2014,Grupo G,Estados Unidos,Portugal,2014-06-22,1ra ronda,2,2,0,0,30
2014,Grupo H,Bélgica,Rusia,2014-06-22,1ra ronda,1,0,0,0,31
2014,Grupo H,Corea del Sur,Argelia,2014-06-22,1ra ronda,2,4,0,0,32
2014,Grupo A,Camerún,Brasil,2014-06-23,1ra ronda,1,4,0,0,33
2014,Grupo A,Croacia,México,2014-06-23,1ra ronda,1,3,0,0,34
2014,Grupo B,Australia,España,2014-06-23,1ra ronda,0,3,0,0,35
2014,Grupo B,Paises Bajos,Chile,2014-06-23,1ra ronda,2,0,0,0,36
2014,Grupo C,Japón,Colombia,2014-06-24,1ra ronda,1,4,0,0,37
2014,Grupo C,Grecia,Costa de Marfil,2014-06-24,1ra ronda,2,1,0,0,38
2014,Grupo D,Italia,Uruguay,2014-06-24,1ra ronda,0,1,0,0,39
2014,Grupo D,Costa Rica,Inglaterra,2014-06-24,1ra ronda,0,0,0,0,40
2014,Grupo E,Honduras,Suiza,2014-06-25,1ra ronda,0,3,0,0,41
2014,Grupo E,Ecuador,Francia,2014-06-25,1ra ronda,0,0,0,0,42
2014,Grupo F,Nigeria,Argentina,2014-06-25,1ra ronda,2,3,0,0,43
2014,Grupo F,Bosnia-Herzegovina,Irán,2014-06-25,1ra ronda,3,1,0,0,44
2014,Grupo G,Estados Unidos,Alemania,2014-06-26,1ra ronda,0,1,0,0,45
2014,Grupo G,Portugal,Ghana,2014-06-26,1ra ronda,2,1,0,0,46
2014,Grupo H,Corea del Sur,Bélgica,2014-06-26,1ra ronda,0,1,0,0,47
2014,Grupo H,Argelia,Rusia,2014-06-26,1ra ronda,1,1,0,0,48
2014,,Brasil,Chile,2014-06-28,octavos,1,1,1,1,49
2014,,Colombia,Uruguay,2014-06-28,octavos,2,0,0,0,50
2014,,Paises Bajos,México,2014-06-29,octavos,2,1,0,0,51
2014,,Costa Rica,Grecia,2014-06-29,octavos,1,1,1,1,52
2014,,Francia,Nigeria,2014-06-30,octavos,2,0,0,0,53
2014,,Alemania,Argelia,2014-06-30,octavos,2,1,1,0,54
2014,,Argentina,Suiza,2014-07-01,octavos,1,0,1,0,55
2014,,Bélgica,Estados Unidos,2014-07-01,octavos,2,1,1,0,56
2014,,Brasil,Colombia,2014-07-04,cuartos,2,1,0,0,57
2014,,Francia,Alemania,2014-07-04,cuartos,0,1,0,0,58
2014,,Paises Bajos,Costa Rica,2014-07-05,cuartos,0,0,1,1,59
2014,,Argentina,Bélgica,2014-07-05,cuartos,1,0,0,0,60
2014,,Brasil,Alemania,2014-07-08,semis,1,7,0,0,61
2014,,Paises Bajos,Argentina,2014-07-09,semis,0,0,1,1,62
2014,,Brasil,Paises Bajos,2014-07-12,3er puesto,0,3,0,0,63
2014,,Alemania,Argentina,2014-07-13,final,1,0,1,0,64
2018,Grupo A,Rusia,Arabia Saudita,2018-06-14,1ra ronda,5,0,0,0,1
2018,Grupo A,Egipto,Uruguay,2018-06-15,1ra ronda,0,1,0,0,2
2018,Grupo B,Portugal,España,2018-06-15,1ra ronda,3,3,0,0,3
2018,Grupo B,Marruecos,Irán,2018-06-15,1ra ronda,0,1,0,0,4
2018,Grupo C,Francia,Australia,2018-06-16,1ra ronda,2,1,0,0,5
2018,Grupo C,Perú,Dinamarca,2018-06-16,1ra ronda,0,1,0,0,6
2018,Grupo D,Argentina,Islandia,2018-06-16,1ra ronda,1,1,0,0,7
2018,Grupo D,Croacia,Nigeria,2018-06-16,1ra ronda,2,0,0,0,8
2018,Grupo E,Brasil,Suiza,2018-06-17,1ra ronda,1,1,0,0,9
2018,Grupo E,Costa Rica,Serbia,2018-06-17,1ra ronda,0,1,0,0,10
2018,Grupo F,Alemania,México,2018-06-17,1ra ronda,0,1,0,0,11
2018,Grupo F,Suecia,Corea del Sur,2018-06-18,1ra ronda,1,0,0,0,12
2018,Grupo G,Bélgica,Panamá,2018-06-18,1ra ronda,3,0,0,0,13
2018,Grupo G,Túnez,Inglaterra,2018-06-18,1ra ronda,1,2,0,0,14
2018,Grupo H,Polonia,Senegal,2018-06-19,1ra ronda,1,2,0,0,15
2018,Grupo H,Colombia,Japón,2018-06-19,1ra ronda,1,2,0,0,16
2018,Grupo A,Rusia,Egipto,2018-06-19,1ra ronda,3,1,0,0,17
2018,Grupo A,Uruguay,Arabia Saudita,2018-06-20,1ra ronda,1,0,0,0,18
2018,Grupo B,Portugal,Marruecos,2018-06-20,1ra ronda,1,0,0,0,19
2018,Grupo B,Irán,España,2018-06-20,1ra ronda,0,1,0,0,20
2018,Grupo C,Francia,Perú,2018-06-21,1ra ronda,1,0,0,0,21
2018,Grupo C,Dinamarca,Australia,2018-06-21,1ra ronda,1,1,0,0,22
2018,Grupo D,Argentina,Croacia,2018-06-21,1ra ronda,0,3,0,0,23
2018,Grupo D,Nigeria,Islandia,2018-06-22,1ra ronda,2,0,0,0,24
2018,Grupo E,Brasil,Costa Rica,2018-06-22,1ra ronda,2,0,0,0,25
2018,Grupo E,Serbia,Suiza,2018-06-22,1ra ronda,1,2,0,0,26
2018,Grupo F,Alemania,Suecia,2018-06-23,1ra ronda,2,1,0,0,27
2018,Grupo F,Corea del Sur,México,2018-06-23,1ra ronda,1,2,0,0,28
2018,Grupo G,Bélgica,Túnez,2018-06-23,1ra ronda,5,2,0,0,29
2018,Grupo G,Inglaterra,Panamá,2018-06-24,1ra ronda,6,1,0,0,30
2018,Grupo H,Polonia,Colombia,2018-06-24,1ra ronda,0,3,0,0,31
2018,Grupo H,Japón,Senegal,2018-06-24,1ra ronda,2,2,0,0,32
2018,Grupo A,Uruguay,Rusia,2018-06-25,1ra ronda,3,0,0,0,33
2018,Grupo A,Arabia Saudita,Egipto,2018-06-25,1ra ronda,2,1,0,0,34
2018,Grupo B,Irán,Portugal,2018-06-25,1ra ronda,1,1,0,0,35
2018,Grupo B,España,Marruecos,2018-06-25,1ra ronda,2,2,0,0,36
2018,Grupo C,Dinamarca,Francia,2018-06-26,1ra ronda,0,0,0,0,37
2018,Grupo C,Australia,Perú,2018-06-26,1ra ronda,0,2,0,0,38
2018,Grupo D,Nigeria,Argentina,2018-06-26,1ra ronda,1,2,0,0,39
2018,Grupo D,Islandia,Croacia,2018-06-26,1ra ronda,1,2,0,0,40
2018,Grupo E,Serbia,Brasil,2018-06-27,1ra ronda,0,2,0,0,41
2018,Grupo E,Suiza,Costa Rica,2018-06-27,1ra ronda,2,2,0,0,42
2018,Grupo F,Corea del Sur,Alemania,2018-06-27,1ra ronda,2,0,0,0,43
2018,Grupo F,México,Suecia,2018-06-27,1ra ronda,0,3,0,0,44
2018,Grupo G,Inglaterra,Bélgica,2018-06-28,1ra ronda,0,1,0,0,45
2018,Grupo G,Panamá,Túnez,2018-06-28,1ra ronda,1,2,0,0,46
2018,Grupo H,Japón,Polonia,2018-06-28,1ra ronda,0,1,0,0,47
2018,Grupo H,Senegal,Colombia,2018-06-28,1ra ronda,0,1,0,0,48
2018,,Uruguay,Portugal,2018-06-30,octavos,2,1,0,0,49
2018,,Francia,Argentina,2018-06-30,octavos,4,3,0,0,50
2018,,España,Rusia,2018-07-01,octavos,1,1,1,1,51
2018,,Croacia,Dinamarca,2018-07-01,octavos,1,1,1,1,52
2018,,Brasil,México,2018-07-02,octavos,2,0,0,0,53
2018,,Bélgica,Japón,2018-07-02,octavos,3,2,0,0,54
2018,,Suecia,Suiza,2018-07-03,octavos,1,0,0,0,55
2018,,Colombia,Inglaterra,2018-07-03,octavos,1,1,1,1,56
2018,,Uruguay,Francia,2018-07-06,cuartos,0,2,0,0,57
2018,,Brasil,Bélgica,2018-07-06,cuartos,1,2,0,0,58
2018,,Rusia,Croacia,2018-07-07,cuartos,2,2,1,1,59
2018,,Suecia,Inglaterra,2018-07-07,cuartos,0,2,0,0,60
2018,,Francia,Bélgica,2018-07-10,semis,1,0,0,0,61
2018,,Croacia,Inglaterra,2018-07-11,semis,2,1,1,0,62
2018,,Bélgica,Inglaterra,2018-07-14,3er puesto,2,0,0,0,63
2018,,Francia,Croacia,2018-07-15,final,4,2,0,0,64
2022,Grupo A,Catar,Ecuador,2022-11-20,1ra ronda,0,2,0,0,1
2022,Grupo B,Inglaterra,Irán,2022-11-21,1ra ronda,6,2,0,0,2
2022,Grupo A,Senegal,Paises Bajos,2022-11-21,1ra ronda,0,2,0,0,3
2022,Grupo B,Estados Unidos,Gales,2022-11-21,1ra ronda,1,1,0,0,4
2022,Grupo C,Argentina,Arabia Saudita,2022-11-22,1ra ronda,1,2,0,0,5
2022,Grupo D,Dinamarca,Túnez,2022-11-22,1ra ronda,0,0,0,0,6
2022,Grupo C,México,Polonia,2022-11-22,1ra ronda,0,0,0,0,7
2022,Grupo D,Francia,Australia,2022-11-22,1ra ronda,4,1,0,0,8
2022,Grupo F,Marruecos,Croacia,2022-11-23,1ra ronda,0,0,0,0,9
2022,Grupo E,Alemania,Japón,2022-11-23,1ra ronda,1,2,0,0,10
2022,Grupo E,España,Costa Rica,2022-11-23,1ra ronda,7,0,0,0,11
2022,Grupo F,Bélgica,Canadá,2022-11-23,1ra ronda,1,0,0,0,12
2022,Grupo G,Suiza,Camerún,2022-11-24,1ra ronda,1,0,0,0,13
2022,Grupo H,Uruguay,Corea del Sur,2022-11-24,1ra ronda,0,0,0,0,14
2022,Grupo H,Portugal,Ghana,2022-11-24,1ra ronda,3,2,0,0,15
2022,Grupo G,Brasil,Serbia,2022-11-24,1ra ronda,2,0,0,0,16
2022,Grupo B,Gales,Irán,2022-11-25,1ra ronda,0,2,0,0,17
2022,Grupo A,Catar,Senegal,2022-11-25,1ra ronda,1,3,0,0,18
2022,Grupo A,Paises Bajos,Ecuador,2022-11-25,1ra ronda,1,1,0,0,19
2022,Grupo B,Inglaterra,Estados Unidos,2022-11-25,1ra ronda,0,0,0,0,20
2022,Grupo D,Túnez,Australia,2022-11-26,1ra ronda,0,1,0,0,21
2022,Grupo C,Polonia,Arabia Saudita,2022-11-26,1ra ronda,2,0,0,0,22
2022,Grupo D,Francia,Dinamarca,2022-11-26,1ra ronda,2,1,0,0,23
2022,Grupo C,Argentina,México,2022-11-26,1ra ronda,2,0,0,0,24
2022,Grupo E,Japón,Costa Rica,2022-11-27,1ra ronda,0,1,0,0,25
2022,Grupo F,Bélgica,Marruecos,2022-11-27,1ra ronda,0,2,0,0,26
2022,Grupo F,Croacia,Canadá,2022-11-27,1ra ronda,4,1,0,0,27
2022,Grupo E,España,Alemania,2022-11-27,1ra ronda,1,1,0,0,28
2022,Grupo G,Camerún,Serbia,2022-11-28,1ra ronda,3,3,0,0,29
2022,Grupo H,Corea del Sur,Ghana,2022-11-28,1ra ronda,2,3,0,0,30
2022,Grupo G,Brasil,Suiza,2022-11-28,1ra ronda,1,0,0,0,31
2022,Grupo H,Portugal,Uruguay,2022-11-28,1ra ronda,2,0,0,0,32
2022,Grupo A,Paises Bajos,Catar,2022-11-29,1ra ronda,2,0,0,0,33
2022,Grupo A,Ecuador,Senegal,2022-11-29,1ra ronda,1,2,0,0,34
2022,Grupo B,Gales,Inglaterra,2022-11-29,1ra ronda,0,3,0,0,35
2022,Grupo B,Irán,Estados Unidos,2022-11-29,1ra ronda,0,1,0,0,36
2022,Grupo D,Australia,Dinamarca,2022-11-30,1ra ronda,1,0,0,0,37
2022,Grupo D,Túnez,Francia,2022-11-30,1ra ronda,1,0,0,0,38
2022,Grupo C,Arabia Saudita,México,2022-11-30,1ra ronda,1,2,0,0,39
2022,Grupo C,Polonia,Argentina,2022-11-30,1ra ronda,0,2,0,0,40
2022,Grupo F,Croacia,Bélgica,2022-12-01,1ra ronda,0,0,0,0,41
2022,Grupo F,Canadá,Marruecos,2022-12-01,1ra ronda,1,2,0,0,42
2022,Grupo E,Japón,España,2022-12-01,1ra ronda,2,1,0,0,43
2022,Grupo E,Costa Rica,Alemania,2022-12-01,1ra ronda,2,4,0,0,44
2022,Grupo H,Ghana,Uruguay,2022-12-02,1ra ronda,0,2,0,0,45
2022,Grupo H,Corea del Sur,Portugal,2022-12-02,1ra ronda,2,1,0,0,46
2022,Grupo G,Serbia,Suiza,2022-12-02,1ra ronda,2,3,0,0,47
2022,Grupo G,Camerún,Brasil,2022-12-02,1ra ronda,1,0,0,0,48
2022,,Paises Bajos,Estados Unidos,2022-12-03,octavos,3,1,0,0,49
2022,,Argentina,Australia,2022-12-03,octavos,2,1,0,0,50
2022,,Inglaterra,Senegal,2022-12-04,octavos,3,0,0,0,51
2022,,Francia,Polonia,2022-12-04,octavos,3,1,0,0,52
2022,,Japón,Croacia,2022-12-05,octavos,1,1,1,1,53
2022,,Brasil,Corea del Sur,2022-12-05,octavos,4,1,0,0,54
2022,,Marruecos,España,2022-12-06,octavos,0,0,1,1,55
2022,,Portugal,Suiza,2022-12-06,octavos,6,1,0,0,56
2022,,Paises Bajos,Argentina,2022-12-09,cuartos,2,2,1,1,57
2022,,Croacia,Brasil,2022-12-09,cuartos,1,1,1,1,58
2022,,Inglaterra,Francia,2022-12-10,cuartos,1,2,0,0,59
2022,,Marruecos,Portugal,2022-12-10,cuartos,1,0,0,0,60
2022,,Argentina,Croacia,2022-12-13,semis,3,0,0,0,61
2022,,Francia,Marruecos,2022-12-14,semis,2,0,0,0,62
2022,,Croacia,Marruecos,2022-12-17,3er puesto,2,1,0,0,63
2022,,Argentina,Francia,2022-12-18,final,3,3,1,1,64
